Rear-Facing Camera,Changeable Faceplate,Talk Time,Bluetooth Enabled,Internet/Email Capable,Text/Instant Messaging,Display Type,Technology Details,Charging Interface(s),Built-in Digital Camera,Integrated Camera,Media Card Slot,Screen Size,CDMA,Screen Resolution,Unlocked,Text Messaging/Instant Messaging,Customizable Ring Tones,Phone Memory (RAM),LTE,Product Line,Voice Activated,Stand-By Time,Maximum Depth Of Water Resistance,Processor Brand,Band and Mode,Internet Connectable,Front-Facing Camera,Water Resistant,MP3 Playback Capability,Handset Type,Downloadable Games,Wireless Capability,Service Provider,Model Family,Device Manufacturer,QWERTY Keyboard,Battery Type,Processor Speed,MMS,Wireless Technology,Speakerphone,Additional Hardware Included,GSM,Keyboard Type,Vibration Alert,Camera Resolution,pricematch,Operating System,Internal Memory,Dashwire,Data Plan Required,Color Category,Email Capable,Maximum Usage Time,Carrier,Mobile Operating System,Phonebook,Downloadable Ringtones,Touch Screen,Vibrate Mode,No-Contract,Standby Time,External Caller ID,Slide Out Keyboard,Bluetooth-Enabled,Color Display,Sensors,Phone Style,Built-In GPS,Speed Dialing,NFC Technology,Product Model,Graphics,Mobile Hotspot Capability,Wireless Compatibility
5 megapixels,N/A,N/A,Yes,N/A,Yes,TFT-LCD,N/A,N/A,N/A,Yes - Back,N/A,4 inches,N/A,N/A,No,N/A,N/A,N/A,N/A,N/A,Yes,12 days,N/A,Qualcomm Snapdragon,N/A,Yes,N/A,No,N/A,N/A,N/A,N/A,N/A,N/A,ZTE,N/A,Lithium-ion,N/A,N/A,3G,N/A,N/A,GSM,Touch Screen,N/A,N/A,yes,Android 4.1 Jelly Bean,4 gigabytes,N/A,No,Black,N/A,7 hours,NET10,N/A,N/A,N/A,Yes,N/A,Yes,N/A,N/A,N/A,N/A,N/A,N/A,Smartphone,Yes,N/A,N/A,N/A,N/A,N/A,Wireless B|Wireless G|Wireless N|Bluetooth
N/A,N/A,Up to 9 hours,N/A,N/A,N/A,N/A,N/A,N/A,Yes,N/A,N/A,N/A,N/A,N/A,N/A,N/A,Yes,N/A,N/A,Galaxy,N/A,N/A,N/A,N/A,N/A,N/A,N/A,N/A,N/A,Smartphone,N/A,3G,Virgin Mobile,N/A,Samsung,No,N/A,N/A,N/A,N/A,N/A,N/A,N/A,N/A,N/A,5.0MP (primary); 1.3MP (front-facing),yes,Android 4.1 Jelly Bean,N/A,N/A,No,N/A,N/A,N/A,N/A,Android,N/A,N/A,Yes,Yes,N/A,Up to 7 days,N/A,N/A,Yes,N/A,N/A,Bar phone,N/A,N/A,N/A,Ring,N/A,N/A,N/A
N/A,N/A,Up to 10 hours,N/A,Yes,N/A,N/A,GSM|HSDPA,N/A,Yes,N/A,N/A,N/A,N/A,N/A,N/A,Yes,N/A,N/A,N/A,Midnight,N/A,N/A,N/A,N/A,N/A,N/A,N/A,N/A,N/A,Smartphone,N/A,N/A,NET10,N/A,ZTE,No,Lithium-ion,N/A,N/A,N/A,N/A,N/A,GSM,N/A,N/A,3.0MP,yes,N/A,N/A,N/A,No,N/A,N/A,N/A,N/A,Android,N/A,N/A,Yes,N/A,N/A,Up to 18 days,N/A,N/A,Yes,N/A,N/A,Bar phone,N/A,N/A,N/A,N/A,N/A,N/A,N/A
N/A,N/A,Up to 4 hours,N/A,Yes,N/A,N/A,GSM,N/A,Yes,N/A,N/A,N/A,N/A,N/A,N/A,Yes,Yes,N/A,N/A,440G,N/A,N/A,N/A,N/A,GSM,N/A,N/A,N/A,Yes,Enhanced,Yes,N/A,TRACFONE,N/A,LG,No,Lithium-ion,N/A,Yes,N/A,Yes,N/A,GSM,N/A,Yes,1.3MP,yes,N/A,N/A,N/A,No,N/A,N/A,N/A,N/A,N/A,N/A,Yes,No,Yes,N/A,Up to 10 days,Yes,N/A,Yes,Yes,N/A,Flip phone,N/A,Yes,N/A,N/A,Yes,N/A,N/A
N/A,N/A,Up to 4 hours,N/A,Yes,N/A,N/A,CDMA,N/A,Yes,N/A,N/A,N/A,N/A,N/A,N/A,Yes,N/A,N/A,N/A,One Touch,N/A,N/A,N/A,N/A,Dual-band,N/A,N/A,N/A,N/A,Basic,N/A,N/A,Virgin Mobile,N/A,Alcatel,No,Lithium-ion,N/A,N/A,N/A,N/A,N/A,N/A,N/A,N/A,2.0MP (rear-facing),yes,N/A,N/A,N/A,No,N/A,N/A,N/A,N/A,N/A,N/A,N/A,No,N/A,N/A,Up to 9 days,N/A,N/A,Yes,N/A,N/A,Flip phone,N/A,N/A,N/A,N/A,N/A,N/A,N/A
N/A,N/A,N/A,No,N/A,Yes,Other,N/A,N/A,N/A,No,N/A,2 inches,N/A,N/A,No,N/A,N/A,0.128 gigabytes,N/A,N/A,N/A,6 days,N/A,Not Applicable,N/A,No,N/A,No,N/A,N/A,N/A,N/A,N/A,N/A,Samsung,N/A,Lithium-ion,400 gigahertz,N/A,3G,N/A,N/A,GSM,Integrated numeric,N/A,N/A,yes,Samsung Proprietary (SHP),0.256 gigabytes,N/A,No,Black,N/A,5 hours,T-Mobile Prepaid,N/A,N/A,N/A,No,N/A,Yes,N/A,N/A,N/A,N/A,N/A,N/A,Bar phone,No,N/A,N/A,N/A,N/A,No,None
8 megapixels,N/A,N/A,Yes,N/A,Yes,Other,N/A,Micro USB,N/A,Yes - Front and Back,N/A,4.5 inches,N/A,N/A,No,N/A,N/A,N/A,LTE,N/A,No,8 days,N/A,Qualcomm Snapdragon,N/A,Yes,2 megapixels,No,N/A,N/A,N/A,N/A,N/A,N/A,Kyocera,N/A,Lithium-ion,1.2 gigahertz,N/A,4G,N/A,"Lithium-ion battery (2000 mAh), USB cable, charger head, owner's manual",N/A,Touch Screen,N/A,N/A,N/A,Android 4.3 Jelly Bean,8 gigabytes,N/A,No,Black,Yes,14 hours,Boost Mobile,N/A,N/A,N/A,Yes,N/A,Yes,N/A,N/A,N/A,N/A,N/A,Ambient light sensor,Smartphone,Yes,N/A,No,N/A,N/A,Yes,Bluetooth
16 megapixels,N/A,N/A,Yes,N/A,Yes,Super AMOLED,N/A,N/A,N/A,Yes - Front and Back,N/A,5.1 inches,N/A,1920 x 1080,No,N/A,N/A,N/A,N/A,N/A,N/A,20 days,3.28 feet,Qualcomm Snapdragon,N/A,Yes,2 megapixels,Yes,N/A,N/A,N/A,N/A,N/A,Samsung Galaxy S 5,Samsung,N/A,Lithium-ion,2.5 gigahertz,N/A,3G|4G|4G LTE,N/A,N/A,N/A,Touch Screen,N/A,N/A,yes,Android 4.4.2 KitKat,16 gigabytes,N/A,No,White,Yes,19 hours,Boost Mobile,N/A,N/A,N/A,Yes,N/A,Yes,N/A,N/A,N/A,N/A,N/A,N/A,Smartphone,Yes,N/A,N/A,N/A,N/A,Yes,Wireless A
N/A,N/A,Up to 8 hours,N/A,Yes,N/A,N/A,3G,N/A,Yes,N/A,N/A,N/A,N/A,N/A,N/A,N/A,Yes,N/A,N/A,Galaxy,N/A,N/A,N/A,N/A,3G,N/A,N/A,N/A,N/A,Smartphone,N/A,3G,TRACFONE,N/A,Samsung,No,Lithium-ion,N/A,N/A,N/A,N/A,N/A,N/A,N/A,N/A,5.0MP; 1.3MP (front-facing),yes,Android 4.1 Jelly Bean,N/A,N/A,No,N/A,N/A,N/A,N/A,Android,N/A,N/A,Yes,Yes,N/A,N/A,N/A,N/A,Yes,N/A,N/A,Bar phone,N/A,N/A,N/A,Prevail II,N/A,N/A,N/A
N/A,N/A,Up to 8 hours,N/A,Yes,N/A,N/A,GSM,N/A,Yes,N/A,N/A,N/A,N/A,N/A,N/A,Yes,Yes,N/A,N/A,L40G,Yes,N/A,N/A,N/A,GSM,N/A,N/A,N/A,Yes,Smartphone,Yes,3G,NET10,N/A,LG,No,Lithium-ion,N/A,Yes,N/A,Yes,N/A,N/A,N/A,Yes,5.0MP,N/A,Android,N/A,N/A,Yes,N/A,N/A,N/A,N/A,Android,N/A,Yes,Yes,Yes,N/A,Up to 13 days,Yes,N/A,Yes,Yes,N/A,N/A,N/A,Yes,N/A,N/A,Yes,N/A,N/A
13 megapixels,N/A,N/A,Yes,N/A,Yes,Super AMOLED,N/A,N/A,N/A,Yes - Front and Back,N/A,5 inches,N/A,1920 x 1080,No,N/A,N/A,2 gigabytes,N/A,N/A,N/A,15 days,N/A,Qualcomm Snapdragon,N/A,Yes,2 megapixels,No,N/A,N/A,N/A,N/A,N/A,Samsung Galaxy S 4,Samsung,N/A,Lithium-ion,1.9 gigahertz,N/A,4G LTE,N/A,N/A,GSM,Touch Screen,N/A,N/A,yes,Android 4.4.2 KitKat,16 gigabytes,N/A,No,White,Yes,17 hours,T-Mobile Prepaid,N/A,N/A,N/A,Yes,N/A,Yes,N/A,N/A,N/A,N/A,N/A,N/A,Smartphone,Yes,N/A,N/A,N/A,N/A,Yes,Wireless A|Wireless AC|Wireless B|Wireless G|Wireless N
0.3 megapixels,N/A,N/A,Yes,N/A,Yes,Other,N/A,N/A,N/A,Yes - Back,N/A,2 inches,N/A,N/A,No,N/A,N/A,0 gigabytes,N/A,N/A,No,8.3 days,N/A,Qualcomm Snapdragon,N/A,Yes,N/A,No,N/A,N/A,N/A,N/A,N/A,N/A,AT&T GoPhone,N/A,Lithium-ion,N/A,N/A,3G,N/A,N/A,GSM,Integrated numeric,N/A,N/A,yes,Not Applicable,0 gigabytes,N/A,No,Blue,N/A,3 hours,AT&T GoPhone,N/A,N/A,N/A,No,N/A,Yes,N/A,N/A,N/A,N/A,N/A,N/A,Smartphone,No,N/A,N/A,N/A,N/A,No,Bluetooth
3 megapixels,N/A,N/A,Yes,N/A,Yes,Other,N/A,N/A,N/A,Yes - Back,N/A,3.5 inches,CDMA,N/A,No,N/A,N/A,N/A,N/A,N/A,N/A,10 days,N/A,Qualcomm Snapdragon,N/A,Yes,N/A,No,N/A,N/A,N/A,N/A,N/A,N/A,Samsung,N/A,Lithium-ion,N/A,N/A,3G,N/A,N/A,N/A,Touch Screen,N/A,N/A,yes,Android 4.0 Ice Cream Sandwich,4 gigabytes,N/A,No,Blue,Yes,7 hours,TRACFONE,N/A,N/A,N/A,Yes,N/A,Yes,N/A,N/A,N/A,N/A,N/A,N/A,Smartphone,Yes,N/A,N/A,N/A,N/A,N/A,Bluetooth
13 megapixels,N/A,N/A,Yes,N/A,Yes,Super-LCD,N/A,N/A,N/A,Yes - Front and Back,microSD,5.5 inches,N/A,1280 x 720,No,N/A,N/A,N/A,N/A,N/A,No,30.7 days,N/A,Qualcomm Snapdragon,N/A,Yes,0.3 megapixels,No,N/A,N/A,N/A,N/A,N/A,N/A,HTC,N/A,Lithium-ion,1.6 gigahertz,N/A,4G,N/A,"Lithium-ion battery, USB cable, charger head, owner's manual",N/A,Touch Screen,N/A,N/A,yes,Android 4.4.2 KitKat,8 gigabytes,N/A,No,Black,Yes,21 hours,Virgin Mobile,N/A,N/A,N/A,Yes,N/A,Yes,N/A,N/A,N/A,N/A,N/A,Ambient light sensor,Smartphone,Yes,N/A,Yes,N/A,N/A,N/A,Wireless N
1.3 megapixels,N/A,N/A,Yes,N/A,Yes,Other,N/A,N/A,N/A,Yes - Back,N/A,2.2 inches,N/A,64 x 96,No,N/A,N/A,0.128 gigabytes,N/A,N/A,N/A,14 days,N/A,Not Applicable,N/A,No,N/A,No,N/A,N/A,N/A,N/A,N/A,N/A,LG,N/A,Lithium-ion,N/A,N/A,3G,N/A,N/A,GSM,Integrated numeric,N/A,N/A,yes,Not Applicable,0.256 gigabytes,N/A,No,Black,N/A,3 hours,T-Mobile Prepaid,N/A,N/A,N/A,No,N/A,Yes,N/A,N/A,N/A,N/A,N/A,N/A,Flip phone,No,N/A,N/A,N/A,N/A,No,Bluetooth
5 megapixels,N/A,N/A,Yes,N/A,Yes,TFT-LCD,N/A,N/A,N/A,Yes - Back,N/A,4 inches,N/A,N/A,No,N/A,N/A,N/A,N/A,N/A,N/A,15 days,N/A,Qualcomm Snapdragon,N/A,Yes,N/A,No,N/A,N/A,N/A,N/A,N/A,N/A,ZTE,N/A,Lithium-ion,N/A,N/A,4G LTE,N/A,N/A,GSM,Touch Screen,N/A,N/A,yes,Android 4.4 KitKat,4 gigabytes,N/A,Yes,Black,N/A,5 hours,AT&T GoPhone,N/A,N/A,N/A,Yes,N/A,Yes,N/A,N/A,N/A,N/A,N/A,N/A,Smartphone,Yes,N/A,N/A,N/A,N/A,N/A,Bluetooth
8 megapixels,N/A,N/A,Yes,N/A,Yes,Super-LCD,N/A,N/A,N/A,Yes - Front and Back,microSD,4.7 inches,N/A,540 x 960,No,N/A,N/A,1 gigabytes,N/A,N/A,N/A,16 days,N/A,Qualcomm Snapdragon,N/A,Yes,1.3 megapixels,No,N/A,N/A,N/A,N/A,N/A,N/A,HTC,N/A,Lithium-ion,1.2 gigahertz,N/A,4G LTE,N/A,N/A,N/A,Virtual QWERTY,N/A,N/A,N/A,Android 4.4.3 KitKat,8 gigabytes,N/A,Yes,Multi,Yes,20 hours,Verizon Wireless Prepaid,N/A,N/A,N/A,Yes,N/A,Yes,N/A,N/A,N/A,N/A,N/A,N/A,Smartphone,N/A,N/A,N/A,N/A,N/A,Yes,Wireless B|Wireless G|Wireless N|Wireless AC
5 megapixels,N/A,N/A,Yes,N/A,Yes,LCD,N/A,N/A,N/A,Yes - Front and Back,N/A,4.5 inches,N/A,854 x 480,No,N/A,N/A,16 gigabytes,N/A,N/A,N/A,15 days,N/A,Intel,N/A,Yes,2 megapixels,No,N/A,N/A,N/A,N/A,N/A,N/A,ASUS,N/A,Lithium-ion,1.6 gigahertz,N/A,4G LTE,N/A,N/A,N/A,Virtual QWERTY,N/A,N/A,yes,Android 4.4 KitKat,8 gigabytes,N/A,Yes,Black,Yes,N/A,AT&T GoPhone,N/A,N/A,N/A,Yes,N/A,Yes,N/A,N/A,N/A,N/A,N/A,N/A,Smartphone,Yes,N/A,N/A,N/A,N/A,Yes,Bluetooth
5.0 megapixels,N/A,N/A,Yes,N/A,Yes,TFT-LCD,N/A,N/A,N/A,Yes - Front and Back,N/A,4.7 inches,N/A,N/A,No,N/A,N/A,N/A,N/A,N/A,Yes,27 days,N/A,Qualcomm Snapdragon,N/A,Yes,0.3 megapixels,No,N/A,N/A,N/A,N/A,N/A,N/A,HTC,N/A,Lithium-ion,1.2 gigahertz,N/A,4G,N/A,N/A,N/A,Touch Screen,N/A,N/A,yes,Android 4.4 KitKat,4 gigabytes,N/A,No,Black,Yes,N/A,Virgin Mobile,N/A,N/A,N/A,Yes,N/A,Yes,N/A,N/A,N/A,N/A,N/A,N/A,Smartphone,Yes,N/A,N/A,N/A,N/A,N/A,Bluetooth
5 megapixels,N/A,N/A,Yes,N/A,Yes,Other,N/A,USB,N/A,Yes - Front and Back,microSD,4.5 inches,N/A,540 x 960,No,N/A,N/A,1 gigabytes,N/A,N/A,N/A,N/A,N/A,Qualcomm,N/A,Yes,N/A,No,N/A,N/A,N/A,N/A,N/A,N/A,Motorola,N/A,Lithium-ion,1.2 gigahertz,N/A,3G|4G|4G LTE,N/A,N/A,N/A,Touch Screen,N/A,N/A,N/A,Android 5.0 Lollipop,8 gigabytes,N/A,No,Black,Yes,N/A,Sprint Prepaid,N/A,N/A,N/A,Yes,N/A,Yes,N/A,N/A,N/A,N/A,N/A,N/A,Bar phone,Yes,N/A,N/A,N/A,N/A,No,Wireless B|Wireless G|Wireless N
N/A,N/A,N/A,N/A,Yes,N/A,N/A,3G,N/A,Yes,N/A,N/A,N/A,N/A,N/A,N/A,Yes,N/A,N/A,N/A,Aquos,N/A,N/A,N/A,N/A,3G,N/A,N/A,N/A,N/A,Smartphone,N/A,N/A,Sprint,N/A,Sharp,No,Lithium-ion 2040 mAh,N/A,N/A,N/A,N/A,N/A,N/A,N/A,N/A,8.0MP (rear-facing),yes,N/A,N/A,N/A,No,N/A,N/A,N/A,N/A,Android,N/A,N/A,Yes,N/A,N/A,N/A,N/A,N/A,Yes,N/A,N/A,Bar phone,N/A,N/A,N/A,Crystal,N/A,N/A,N/A
3 megapixels,N/A,N/A,Yes,N/A,Yes,Other,N/A,N/A,N/A,Yes - Back,N/A,3.5 inches,N/A,N/A,No,N/A,N/A,N/A,N/A,N/A,N/A,11 days,N/A,Qualcomm Snapdragon,N/A,Yes,N/A,No,N/A,N/A,N/A,N/A,N/A,N/A,LG,N/A,Lithium-ion,N/A,N/A,3G,N/A,N/A,GSM,Touch Screen,N/A,N/A,yes,Android 4.4 KitKat,1.79 gigabytes,N/A,No,Black,N/A,10 hours,TRACFONE,N/A,N/A,N/A,Yes,N/A,Yes,N/A,N/A,N/A,N/A,N/A,N/A,Smartphone,Yes,N/A,N/A,N/A,N/A,N/A,Bluetooth
N/A,N/A,Up to 8 hours,N/A,Yes,N/A,N/A,3G,N/A,Yes,N/A,N/A,N/A,N/A,N/A,N/A,Yes,Yes,N/A,N/A,Optimus,Yes,N/A,N/A,N/A,Dual-band|3G,N/A,N/A,N/A,N/A,Smartphone,Yes,3G,Verizon,N/A,LG,No,Lithium-ion,N/A,Yes,N/A,N/A,N/A,N/A,N/A,Yes,5.0MP,N/A,Android 4.0 Ice Cream Sandwich,N/A,N/A,No,N/A,N/A,N/A,N/A,Android,N/A,Yes,Yes,Yes,N/A,Up to 15 days,N/A,N/A,Yes,Yes,N/A,Bar phone,N/A,Yes,N/A,Exceed,N/A,N/A,N/A
N/A,N/A,Up to 29 hours,N/A,Yes,N/A,N/A,3G|4G|4G LTE|AWS|HSPA+|UMTS,N/A,Yes,N/A,N/A,N/A,N/A,N/A,N/A,Yes,Yes,N/A,N/A,Galaxy,Yes,N/A,N/A,N/A,3G|4G|4G LTE|AWS|HSPA+|Quad-band GSM|UMTS,N/A,N/A,N/A,Yes,Smartphone,Yes,N/A,T-Mobile Prepaid,N/A,Samsung,No,Lithium-ion,N/A,Yes,N/A,Yes,N/A,GSM,N/A,Yes,16.0MP,yes,N/A,N/A,N/A,No,N/A,N/A,N/A,N/A,Android,N/A,Yes,Yes,Yes,N/A,Up to 20 days,Yes,N/A,Yes,Yes,N/A,Bar phone,N/A,Yes,N/A,S 5,Yes,N/A,N/A
5 megapixels,N/A,N/A,Yes,N/A,Yes,Other,N/A,Other,N/A,Yes - Front and Back,N/A,4.5 inches,N/A,800 x 480,No,N/A,N/A,N/A,N/A,N/A,Yes,N/A,N/A,Qualcomm Snapdragon,N/A,Yes,0.3 megapixels,No,N/A,N/A,N/A,N/A,N/A,N/A,LG,N/A,Lithium-ion,1.2 gigahertz,N/A,3G,N/A,"Lithium-ion battery, charger head, USB cable, owner's manual",N/A,Touch Screen,N/A,N/A,yes,Android 4.4.2 KitKat,4 gigabytes,N/A,No,Black,Yes,17 hours,Boost Mobile,N/A,N/A,N/A,Yes,N/A,No,N/A,N/A,N/A,N/A,N/A,Geomagnetic sensor,Smartphone,Yes,N/A,No,N/A,N/A,No,Wireless N
8 megapixels,N/A,N/A,Yes,N/A,Yes,TFT-LCD,N/A,Micro USB,N/A,Yes - Front and Back,microSD,5.7 inches,N/A,N/A,No,N/A,N/A,2 gigabytes,N/A,N/A,Yes,15 days,N/A,Qualcomm Snapdragon,N/A,Yes,1.6 megapixels,No,N/A,N/A,N/A,N/A,N/A,N/A,ZTE,N/A,Other,1.2 gigahertz,N/A,3G,N/A,N/A,GSM,Touch Screen,N/A,N/A,yes,Android 4.4 KitKat,16 gigabytes,N/A,No,Black,Yes,14 hours,T-Mobile Prepaid,N/A,N/A,N/A,Yes,N/A,Yes,N/A,N/A,N/A,N/A,N/A,N/A,Smartphone,Yes,N/A,No,N/A,N/A,Yes,Wireless B
N/A,N/A,Up to 29 hours,N/A,Yes,N/A,N/A,3G|4G|4G LTE|AWS|HSPA+|UMTS,N/A,Yes,N/A,N/A,N/A,N/A,N/A,N/A,Yes,Yes,N/A,N/A,Galaxy,Yes,N/A,N/A,N/A,3G|4G|4G LTE|AWS|HSPA+|Quad-band GSM|UMTS,N/A,N/A,N/A,Yes,Smartphone,Yes,N/A,T-Mobile Prepaid,N/A,Samsung,No,Lithium-ion,N/A,Yes,N/A,Yes,N/A,GSM,N/A,Yes,16.0MP,yes,N/A,N/A,N/A,No,N/A,N/A,N/A,N/A,Android,N/A,Yes,Yes,Yes,N/A,Up to 20 days,Yes,N/A,Yes,Yes,N/A,Bar phone,N/A,Yes,N/A,S 5,Yes,N/A,N/A
5 megapixels,N/A,N/A,Yes,N/A,Yes,Other,N/A,Micro USB,N/A,Yes - Back,microSD,4.5 inches,N/A,854 x 480,No,N/A,N/A,0.512 gigabytes,N/A,N/A,N/A,17.3 days,N/A,Qualcomm,N/A,Yes,N/A,No,N/A,N/A,N/A,N/A,N/A,N/A,Nokia,N/A,Lithium-ion,1.2 gigahertz,N/A,4G LTE,N/A,"Rechargeable lithium-ion battery, wall charger",N/A,Touch Screen,N/A,N/A,N/A,Windows Phone 8.1,8 gigabytes,N/A,No,White,Yes,N/A,Virgin Mobile,N/A,N/A,N/A,Yes,N/A,Yes,N/A,N/A,N/A,N/A,N/A,N/A,Bar phone,Yes,N/A,N/A,N/A,N/A,Yes,Wireless B|Wireless G|Wireless N
N/A,N/A,N/A,N/A,Yes,N/A,N/A,N/A,N/A,Yes,N/A,N/A,N/A,N/A,N/A,N/A,Yes,N/A,N/A,N/A,Desire,N/A,N/A,N/A,N/A,3G|4G|4G LTE|Dual-band,N/A,N/A,N/A,N/A,Smartphone,N/A,N/A,Boost Mobile,N/A,HTC,No,Lithium-ion (2100 mAh),N/A,N/A,N/A,N/A,N/A,N/A,N/A,N/A,5.0MP (rear-facing); 1.3MP (front-facing),yes,N/A,N/A,N/A,No,N/A,N/A,N/A,N/A,Android,N/A,N/A,Yes,N/A,N/A,N/A,N/A,N/A,Yes,N/A,N/A,Bar phone,N/A,N/A,N/A,510,N/A,N/A,N/A
N/A,N/A,Up to 10 hours,N/A,Yes,N/A,N/A,3G|4G|4G LTE,N/A,Yes,N/A,N/A,N/A,N/A,N/A,N/A,Yes,Yes,N/A,N/A,Lumia,N/A,N/A,N/A,N/A,3G|4G|4G LTE|Quad-band,N/A,N/A,N/A,Yes,Smartphone,N/A,N/A,AT&T GoPhone,N/A,Nokia,No,Lithium-ion,N/A,Yes,N/A,Yes,N/A,GSM,N/A,Yes,5.0MP,yes,N/A,N/A,Yes,Yes,N/A,N/A,N/A,N/A,Windows,N/A,N/A,Yes,Yes,N/A,Up to 13 days,N/A,N/A,Yes,N/A,N/A,Bar phone,N/A,Yes,N/A,N/A,N/A,N/A,N/A
5.0 megapixels,N/A,N/A,Yes,N/A,Yes,Other,N/A,Micro USB,N/A,Yes - Back,microSD,4.5 inches,N/A,854 x 480,No,N/A,N/A,0.512 gigabytes,LTE,N/A,N/A,17.3 days,N/A,Qualcomm Snapdragon,N/A,Yes,N/A,No,N/A,N/A,N/A,N/A,N/A,N/A,Nokia,N/A,Lithium-ion,1.2 gigahertz,N/A,4G LTE,N/A,"Rechargeable lithium-ion battery, wall charger",N/A,Touch Screen,N/A,N/A,N/A,Windows 8.1,8 gigabytes,N/A,No,Blue,Yes,16.4 hours,Boost Mobile,N/A,N/A,N/A,Yes,N/A,Yes,N/A,N/A,N/A,N/A,N/A,N/A,Bar phone,Yes,N/A,N/A,N/A,N/A,Yes,Wireless B|Wireless G|Wireless N
N/A,N/A,Up to 4 hours,N/A,Yes,N/A,N/A,GSM,N/A,Yes,N/A,N/A,N/A,N/A,N/A,N/A,Yes,Yes,N/A,N/A,L35G,Yes,N/A,N/A,N/A,GSM|UMTS|3G,N/A,N/A,N/A,Yes,Smartphone,Yes,3G,NET10,N/A,LG,No,Lithium-ion,N/A,Yes,N/A,Yes,N/A,GSM,N/A,Yes,3.0MP,yes,Android 2.3 Gingerbread,N/A,N/A,Yes,N/A,N/A,N/A,N/A,Android,"Up to 1,000 entries",Yes,Yes,Yes,N/A,Up to 9 days,Yes,N/A,Yes,Yes,N/A,N/A,N/A,Yes,N/A,N/A,Yes,N/A,N/A
N/A,N/A,Up to 6 hours,N/A,Yes,N/A,N/A,3G,N/A,Yes,N/A,N/A,N/A,N/A,N/A,N/A,Yes,N/A,N/A,N/A,Gusto,N/A,N/A,N/A,N/A,3G,N/A,N/A,N/A,N/A,Basic,N/A,N/A,Verizon,N/A,Samsung,No,Lithium 1000 mAh,N/A,N/A,N/A,N/A,N/A,N/A,N/A,N/A,1.3MP,yes,N/A,N/A,N/A,No,N/A,N/A,N/A,N/A,N/A,N/A,N/A,No,N/A,N/A,Up to 31 days,N/A,N/A,Yes,N/A,N/A,Flip phone,N/A,N/A,N/A,3,N/A,N/A,N/A
N/A,N/A,Up to 7 hours,N/A,Yes,N/A,N/A,4G|3G,N/A,Yes,N/A,N/A,N/A,N/A,N/A,N/A,Yes,N/A,N/A,N/A,Yaris,N/A,N/A,N/A,N/A,3G|4G|Quad-band,N/A,N/A,N/A,Yes,Smartphone,N/A,N/A,AT&T GoPhone,N/A,Alcatel,No,Lithium-ion,N/A,Yes,N/A,Yes,N/A,GSM,N/A,Yes,2.0MP,yes,N/A,N/A,N/A,Yes,N/A,N/A,N/A,N/A,Android,N/A,N/A,Yes,Yes,N/A,Up to 22 days,N/A,N/A,Yes,N/A,N/A,Bar phone,N/A,Yes,N/A,N/A,N/A,N/A,N/A
3.0 megapixels,N/A,N/A,Yes,N/A,Yes,TFT-LCD,N/A,N/A,N/A,Yes - Back,N/A,3.5 inches,N/A,N/A,No,N/A,N/A,N/A,N/A,N/A,N/A,7 days,N/A,Qualcomm Snapdragon,N/A,Yes,N/A,No,N/A,N/A,N/A,N/A,N/A,N/A,ZTE,N/A,Lithium-ion,1.2 gigahertz,N/A,3G,N/A,N/A,GSM,Touch Screen,N/A,N/A,yes,Android 4.3 Jelly Bean,4 gigabytes,N/A,No,Black,Yes,10 hours,NET10,N/A,N/A,N/A,Yes,N/A,Yes,N/A,N/A,N/A,N/A,N/A,N/A,Smartphone,Yes,N/A,N/A,N/A,N/A,N/A,Bluetooth|Wireless B|Wireless G|Wireless N
N/A,N/A,Up to 6 hours,N/A,Yes,N/A,N/A,N/A,N/A,Yes,N/A,N/A,N/A,N/A,N/A,N/A,Yes,Yes,N/A,N/A,Cosmos,Yes,N/A,N/A,N/A,N/A,N/A,N/A,N/A,N/A,Basic,Yes,3G,Verizon,N/A,LG,N/A,N/A,N/A,Yes,N/A,Yes,N/A,N/A,N/A,Yes,1.3MP,N/A,N/A,N/A,N/A,No,N/A,N/A,N/A,N/A,N/A,N/A,Yes,No,Yes,N/A,Up to 34 days,Yes,Yes,Yes,Yes,N/A,Slide phone,N/A,Yes,N/A,3,N/A,N/A,N/A
N/A,N/A,Up to 7 hours,N/A,Yes,N/A,N/A,CDMA,N/A,Yes,N/A,N/A,N/A,CDMA,N/A,N/A,Yes,Yes,N/A,N/A,Galaxy,Yes,N/A,N/A,N/A,CDMA|EVDO|PCS,N/A,N/A,N/A,Yes,Smartphone,Yes,3G,NET10,N/A,Samsung,No,Lithium-ion,N/A,Yes,N/A,Yes,N/A,N/A,N/A,Yes,3.0MP,yes,Android 4.0 Ice Cream Sandwich,N/A,N/A,Yes,N/A,N/A,N/A,N/A,Android,N/A,Yes,Yes,Yes,N/A,Up to 7 days,Yes,N/A,Yes,Yes,N/A,N/A,N/A,Yes,N/A,Discover,Yes,N/A,N/A
5 megapixels,N/A,N/A,Yes,N/A,Yes,LCD,N/A,N/A,N/A,Yes - Front and Back,N/A,4.5 inches,N/A,540 x 960,No,N/A,N/A,1.5 gigabytes,N/A,N/A,N/A,15 days,N/A,Qualcomm Snapdragon,N/A,Yes,0.3 megapixels,No,N/A,N/A,N/A,N/A,N/A,N/A,Samsung,N/A,Lithium-ion,1.2 gigahertz,N/A,4G LTE,N/A,N/A,GSM,Touch Screen,N/A,N/A,yes,Android 4.4 KitKat,16 gigabytes,N/A,No,Black,Yes,N/A,T-Mobile Prepaid,N/A,N/A,N/A,Yes,N/A,Yes,N/A,N/A,N/A,N/A,N/A,N/A,Smartphone,Yes,N/A,N/A,N/A,N/A,Yes,Wireless B|Wireless G|Wireless N
N/A,N/A,Up to 17 hours,N/A,Yes,N/A,N/A,N/A,N/A,Yes,N/A,N/A,N/A,N/A,N/A,N/A,Yes,Yes,N/A,N/A,Moto,N/A,N/A,N/A,N/A,CDMA|3G,N/A,N/A,N/A,Yes,Smartphone,Yes,N/A,NET10,N/A,Motorola,No,Lithium-ion polymer,N/A,Yes,N/A,Yes,N/A,GSM,N/A,Yes,5.0MP,yes,N/A,N/A,N/A,No,N/A,N/A,N/A,N/A,Android,N/A,Yes,Yes,Yes,N/A,Up to 30 days,Yes,N/A,Yes,Yes,N/A,Bar phone,N/A,Yes,N/A,E,Yes,N/A,N/A
5 megapixels,N/A,N/A,Yes,N/A,Yes,Other,N/A,N/A,N/A,Yes - Front and Back,N/A,4.7 inches,N/A,540 x 960,No,N/A,N/A,1 gigabytes,N/A,N/A,Yes,20 days,N/A,Qualcomm Snapdragon,N/A,Yes,N/A,No,N/A,N/A,N/A,N/A,N/A,N/A,LG,N/A,Lithium-ion,1.2 gigahertz,N/A,4G,N/A,N/A,GSM,Touch Screen,N/A,N/A,yes,Android 4.4 KitKat,8 gigabytes,N/A,No,Gray,Yes,20 hours,T-Mobile Prepaid,N/A,N/A,N/A,Yes,N/A,Yes,N/A,N/A,N/A,N/A,N/A,N/A,Smartphone,Yes,N/A,N/A,N/A,N/A,Yes,Wireless B|Wireless G|Wireless N
N/A,N/A,N/A,N/A,Yes,N/A,N/A,N/A,N/A,Yes,N/A,N/A,N/A,N/A,N/A,N/A,N/A,N/A,N/A,N/A,Galaxy,N/A,N/A,N/A,N/A,Tri-band,N/A,N/A,N/A,N/A,Smartphone,N/A,N/A,Sprint Prepaid,N/A,Samsung,No,2800 mAh,N/A,N/A,N/A,N/A,N/A,N/A,N/A,N/A,16.0MP (rear-facing); 2.0MP (front-facing),yes,N/A,N/A,N/A,No,N/A,N/A,N/A,N/A,Android,N/A,N/A,Yes,N/A,N/A,Up to 20 days,N/A,N/A,Yes,N/A,N/A,Bar phone,N/A,N/A,N/A,S 5,N/A,N/A,N/A
3 megapixels,N/A,N/A,Yes,N/A,Yes,TFT-LCD,N/A,N/A,N/A,Yes - Back,N/A,3.5 inches,CDMA,N/A,No,N/A,N/A,N/A,N/A,N/A,Yes,11 days,N/A,Qualcomm Snapdragon,N/A,Yes,N/A,No,N/A,N/A,N/A,N/A,N/A,N/A,ZTE,N/A,Lithium-ion,N/A,N/A,3G,N/A,N/A,N/A,Touch Screen,N/A,N/A,yes,Android 4.1 Jelly Bean,4 gigabytes,N/A,No,Black,N/A,6 hours,TRACFONE,N/A,N/A,N/A,Yes,N/A,Yes,N/A,N/A,N/A,N/A,N/A,N/A,Smartphone,Yes,N/A,N/A,N/A,N/A,N/A,Wireless B|Wireless G|Wireless N|Bluetooth
N/A,N/A,Up to 5 hours,N/A,N/A,N/A,N/A,N/A,N/A,Yes,N/A,N/A,N/A,N/A,N/A,N/A,Yes,N/A,N/A,N/A,Jitterbug5,N/A,N/A,N/A,N/A,Dual-band,N/A,N/A,N/A,N/A,Basic,N/A,N/A,GreatCall,N/A,Samsung,No,Lithium-ion,N/A,Yes,N/A,Yes,N/A,N/A,N/A,N/A,1.3MP,yes,N/A,N/A,N/A,No,N/A,N/A,N/A,N/A,N/A,N/A,N/A,No,N/A,N/A,Up to 25 days,N/A,N/A,Yes,N/A,N/A,Flip phone,N/A,N/A,N/A,N/A,N/A,N/A,N/A
N/A,N/A,Up to 13 hours,N/A,Yes,N/A,N/A,N/A,N/A,Yes,N/A,N/A,N/A,N/A,N/A,N/A,Yes,N/A,N/A,N/A,Touch3,N/A,N/A,N/A,N/A,3G,N/A,N/A,N/A,Yes,Smartphone,N/A,N/A,GreatCall,N/A,Samsung,No,Lithium-ion,N/A,Yes,N/A,Yes,N/A,N/A,N/A,N/A,5.0MP (rear-facing); VGA (front-facing),yes,N/A,N/A,N/A,Yes,N/A,N/A,N/A,N/A,Android,N/A,N/A,Yes,N/A,N/A,Up to 12 days,N/A,N/A,Yes,N/A,N/A,Bar phone,N/A,Yes,N/A,N/A,N/A,N/A,N/A
3 megapixels,N/A,N/A,Yes,N/A,Yes,Other,N/A,N/A,N/A,Yes - Back,N/A,3.47 inches,N/A,N/A,No,N/A,N/A,N/A,N/A,N/A,N/A,15 days,N/A,Qualcomm Snapdragon,N/A,Yes,N/A,No,N/A,N/A,N/A,N/A,N/A,N/A,LG,N/A,Other,1.2 gigahertz,N/A,3G,N/A,N/A,N/A,Touch Screen,N/A,N/A,N/A,Android 4.4 KitKat,4 gigabytes,N/A,Yes,Black,Yes,10 hours,Verizon Wireless,N/A,N/A,N/A,Yes,N/A,Yes,N/A,N/A,N/A,N/A,N/A,N/A,Smartphone,Yes,N/A,N/A,N/A,N/A,N/A,Bluetooth
5 megapixels,N/A,N/A,Yes,N/A,Yes,Other,N/A,Micro USB,N/A,Yes - Front and Back,microSD,4.5 inches,N/A,800 x 480,No,N/A,N/A,1 gigabytes,LTE,N/A,N/A,N/A,N/A,Qualcomm,N/A,Yes,2 megapixels,No,N/A,N/A,N/A,N/A,N/A,N/A,Samsung,N/A,Lithium-ion,1.2 gigahertz,N/A,3G,N/A,N/A,N/A,Touch Screen,N/A,N/A,N/A,Android 4.4 KitKat,8 gigabytes,N/A,No,White,Yes,19 hours,Boost Mobile,N/A,N/A,N/A,Yes,N/A,Yes,N/A,N/A,N/A,N/A,N/A,N/A,Bar phone,Yes,N/A,N/A,N/A,N/A,No,Wireless B
5 megapixels,N/A,N/A,Yes,N/A,Yes,Other,N/A,Micro USB,N/A,Yes - Front and Back,microSD,4.5 inches,N/A,540 x 960,No,N/A,N/A,1.5 gigabytes,N/A,N/A,Yes,20 days,3.3 feet,Qualcomm Snapdragon,N/A,Yes,2 megapixels,Yes,N/A,N/A,N/A,N/A,N/A,N/A,Kyocera,N/A,Lithium-ion,1.2 gigahertz,N/A,4G,N/A,N/A,GSM,Touch Screen,N/A,N/A,yes,Android 4.3 Jelly Bean,8 gigabytes,N/A,No,Black,Yes,14 hours,T-Mobile Prepaid,N/A,N/A,N/A,Yes,N/A,Yes,N/A,N/A,N/A,N/A,N/A,N/A,Smartphone,Yes,N/A,No,N/A,N/A,Yes,Bluetooth
5 megapixels,N/A,N/A,Yes,N/A,Yes,LCD,N/A,N/A,N/A,Yes - Front and Back,N/A,4.5 inches,N/A,N/A,No,N/A,N/A,N/A,N/A,N/A,Yes,14.6 days,N/A,Qualcomm Snapdragon,N/A,Yes,2 megapixels,No,N/A,N/A,N/A,N/A,N/A,N/A,Motorola,N/A,Lithium-ion,1.2 gigahertz,N/A,3G,N/A,N/A,N/A,Touch Screen,N/A,N/A,yes,Android 4.3 Jelly Bean,8 gigabytes,N/A,Yes,Black,Yes,N/A,Verizon Wireless,N/A,N/A,N/A,Yes,N/A,Yes,N/A,N/A,N/A,N/A,N/A,N/A,Smartphone,Yes,N/A,N/A,N/A,N/A,Yes,Bluetooth|Wireless B|Wireless G|Wireless N
5 megapixels,N/A,N/A,Yes,N/A,Yes,Other,N/A,N/A,N/A,Yes - Front and Back,N/A,4 inches,N/A,800 x 480,No,N/A,N/A,1 gigabytes,N/A,N/A,N/A,6.8 days,3 feet,Qualcomm,N/A,Yes,1 megapixels,Yes,N/A,N/A,N/A,N/A,N/A,N/A,ZTE,N/A,Lithium-ion,1 gigahertz,N/A,3G,N/A,N/A,N/A,Touch Screen,N/A,N/A,yes,Android 4.1 Jelly Bean,4 gigabytes,N/A,No,Black,N/A,N/A,Virgin Mobile,N/A,N/A,N/A,Yes,N/A,Yes,N/A,N/A,N/A,N/A,N/A,N/A,Smartphone,Yes,N/A,N/A,N/A,N/A,No,Bluetooth|Wireless B|Wireless G|Wireless N
5 megapixels,N/A,N/A,Yes,N/A,Yes,LCD,N/A,Micro USB,N/A,Yes - Back,microSD,4 inches,N/A,480 x 854,No,N/A,N/A,0.5 gigabytes,N/A,N/A,Yes,22 days,N/A,Qualcomm Snapdragon,N/A,Yes,N/A,No,N/A,N/A,N/A,N/A,N/A,N/A,Nokia,N/A,Lithium-ion,1.2 gigahertz,N/A,4G,N/A,N/A,GSM,Touch Screen,N/A,N/A,yes,Windows Phone 8.1,4 gigabytes,N/A,No,White,Yes,10 hours,T-Mobile Prepaid,N/A,N/A,N/A,Yes,N/A,Yes,N/A,N/A,N/A,N/A,N/A,N/A,Smartphone,Yes,N/A,No,N/A,N/A,Yes,Bluetooth
8 megapixels,N/A,N/A,Yes,N/A,Yes,LCD,N/A,N/A,N/A,Yes - Front and Back,N/A,5 inches,N/A,N/A,No,N/A,N/A,N/A,N/A,N/A,N/A,N/A,N/A,Qualcomm Snapdragon,N/A,Yes,1.6 megapixels,No,N/A,N/A,N/A,N/A,N/A,N/A,ZTE,N/A,Lithium-ion,1.2 gigahertz,N/A,4G,N/A,N/A,N/A,Touch Screen,N/A,N/A,yes,Android 4.4 KitKat,8 gigabytes,N/A,No,Gray,Yes,N/A,Boost Mobile,N/A,N/A,N/A,Yes,N/A,Yes,N/A,N/A,N/A,N/A,N/A,N/A,Smartphone,Yes,N/A,N/A,N/A,N/A,N/A,Bluetooth
5 megapixels,N/A,N/A,Yes,N/A,Yes,TFT-LCD,N/A,Micro USB,N/A,Yes - Front and Back,microSD,4 inches,N/A,480 x 800,No,N/A,N/A,0.512 gigabytes,N/A,N/A,Yes,14 days,N/A,Qualcomm Snapdragon,N/A,Yes,N/A,No,N/A,N/A,N/A,N/A,N/A,N/A,Alcatel,N/A,Other,1.3 gigahertz,N/A,3G,N/A,N/A,N/A,Touch Screen,N/A,N/A,yes,Android 4.4 KitKat,4 gigabytes,N/A,No,Black,Yes,6 hours,T-Mobile Prepaid,N/A,N/A,N/A,Yes,N/A,Yes,N/A,N/A,N/A,N/A,N/A,N/A,Smartphone,Yes,N/A,No,N/A,N/A,Yes,Bluetooth
2.0 megapixels,N/A,N/A,Yes,N/A,Yes,Other,N/A,N/A,N/A,Yes - Back,N/A,3.5 inches,N/A,N/A,N/A,N/A,N/A,N/A,N/A,N/A,N/A,N/A,N/A,Qualcomm,N/A,N/A,N/A,No,N/A,N/A,N/A,N/A,N/A,N/A,ZTE,N/A,Other,1.2 gigahertz,N/A,3G,N/A,N/A,GSM,Touch Screen,N/A,N/A,yes,Android 4.4 KitKat,4 gigabytes,N/A,No,Black,N/A,N/A,N/A,N/A,N/A,N/A,Yes,N/A,N/A,N/A,N/A,N/A,N/A,N/A,N/A,Smartphone,N/A,N/A,N/A,N/A,N/A,N/A,Wi-Fi
8 megapixels,N/A,N/A,Yes,N/A,Yes,Other,N/A,N/A,N/A,Yes - Front and Back,N/A,4.5 inches,N/A,540 x 960,No,N/A,N/A,1.5 gigabytes,N/A,N/A,N/A,8 days,3.28 feet,Qualcomm,N/A,Yes,2 megapixels,Yes,N/A,N/A,N/A,N/A,N/A,N/A,Kyocera,N/A,Lithium-ion,1.2 gigahertz,N/A,3G|4G|4G LTE,N/A,N/A,N/A,Touch Screen,N/A,N/A,yes,Android 4.3 Jelly Bean,8 gigabytes,N/A,No,Black,N/A,N/A,Virgin Mobile,N/A,N/A,N/A,Yes,N/A,Yes,N/A,N/A,N/A,N/A,N/A,N/A,Smartphone,Yes,N/A,N/A,N/A,N/A,Yes,Wireless B
3 megapixels,N/A,N/A,Yes,N/A,Yes,Other,N/A,N/A,N/A,Yes - Back,N/A,3.8 inches,N/A,N/A,No,N/A,N/A,N/A,N/A,N/A,N/A,11 days,N/A,Qualcomm Snapdragon,N/A,Yes,N/A,No,N/A,N/A,N/A,N/A,N/A,N/A,LG,N/A,Lithium-ion,1 gigahertz,N/A,3G,N/A,N/A,GSM,Touch Screen,N/A,N/A,yes,Android 4.1.2 Jelly Bean,4 gigabytes,N/A,No,Black,Yes,8 hours,NET10,N/A,N/A,N/A,Yes,N/A,Yes,N/A,N/A,N/A,N/A,N/A,N/A,Smartphone,Yes,N/A,N/A,N/A,N/A,N/A,Bluetooth
0.3 megapixels,N/A,N/A,No,N/A,Yes,Other,N/A,N/A,N/A,Yes - Back,N/A,1.8 inches,N/A,160 x 128,No,N/A,N/A,0.0004 gigabytes,N/A,N/A,No,15 days,N/A,Not Applicable,N/A,Yes,N/A,No,N/A,N/A,N/A,N/A,N/A,N/A,Alcatel,N/A,Lithium-ion,N/A,N/A,3G,N/A,N/A,N/A,Integrated QWERTY,N/A,N/A,N/A,Not Applicable,0.0004 gigabytes,N/A,No,Silver,N/A,6.8 hours,N/A,N/A,N/A,N/A,No,N/A,Yes,N/A,N/A,N/A,N/A,N/A,N/A,Bar phone,No,N/A,N/A,N/A,N/A,No,None
N/A,No,Up to 7 hours,N/A,Yes,N/A,N/A,N/A,N/A,Yes,N/A,N/A,N/A,N/A,N/A,N/A,Yes,Yes,N/A,N/A,N/A,No,N/A,N/A,N/A,Quad-band,N/A,N/A,N/A,Yes,Basic,Yes,3G,NET10,N/A,Samsung,Yes,Lithium-ion,N/A,Yes,N/A,Yes,N/A,N/A,N/A,Yes,2.0MP,N/A,N/A,N/A,N/A,N/A,N/A,N/A,N/A,N/A,N/A,N/A,N/A,No,Yes,N/A,Up to 14 days,No,N/A,Yes,Yes,N/A,Slide phone,N/A,Yes,N/A,404G,Yes,N/A,N/A
N/A,N/A,Up to 15 hours,N/A,Yes,N/A,N/A,N/A,N/A,Yes,N/A,N/A,N/A,N/A,N/A,N/A,Yes,N/A,N/A,N/A,Tribute,N/A,N/A,N/A,N/A,Dual-band,N/A,N/A,N/A,N/A,Smartphone,N/A,N/A,Sprint,N/A,LG,No,Lithium-ion (2100 mAh),N/A,N/A,N/A,N/A,N/A,N/A,N/A,N/A,5.0MP (rear-facing); 0.3MP (front-facing),yes,N/A,N/A,N/A,No,N/A,N/A,N/A,N/A,Android,N/A,N/A,Yes,N/A,N/A,N/A,N/A,N/A,Yes,N/A,N/A,Bar phone,N/A,N/A,N/A,N/A,N/A,N/A,N/A
N/A,N/A,Up to 12 hours,N/A,Yes,N/A,N/A,N/A,N/A,Yes,N/A,N/A,N/A,N/A,N/A,N/A,Yes,Yes,N/A,N/A,ULTIMATE,N/A,N/A,N/A,N/A,CDMA,N/A,N/A,N/A,Yes,Smartphone,Yes,N/A,NET10,N/A,LG,No,Lithium-ion polymer,N/A,Yes,N/A,Yes,N/A,GSM,N/A,Yes,5.0MP,yes,N/A,N/A,N/A,No,N/A,N/A,N/A,N/A,Android,N/A,Yes,Yes,Yes,N/A,Up to 9 days,Yes,N/A,Yes,Yes,N/A,Bar phone,N/A,Yes,N/A,2,Yes,N/A,N/A
8 megapixels,N/A,N/A,Yes,N/A,Yes,TFT-LCD,N/A,N/A,N/A,Yes - Front and Back,N/A,4.7 inches,N/A,N/A,No,N/A,N/A,N/A,N/A,N/A,N/A,27 days,N/A,Qualcomm Snapdragon,N/A,Yes,0.3 megapixels,No,N/A,N/A,N/A,N/A,N/A,N/A,HTC,N/A,Lithium-ion,N/A,N/A,3G|4G|4G LTE,N/A,N/A,GSM,Touch Screen,N/A,N/A,yes,Android 4.4.2 KitKat,8 gigabytes,N/A,Yes,Black,Yes,16 hours,AT&T GoPhone,N/A,N/A,N/A,Yes,N/A,Yes,N/A,N/A,N/A,N/A,N/A,N/A,Smartphone,N/A,N/A,N/A,N/A,N/A,N/A,Bluetooth
8 megapixels,N/A,N/A,Yes,N/A,Yes,Super AMOLED,N/A,N/A,N/A,Yes - Front and Back,N/A,4.8 inches,N/A,1280 x 720,No,N/A,N/A,N/A,N/A,N/A,N/A,13 days,N/A,Qualcomm Snapdragon,N/A,Yes,2 megapixels,No,N/A,N/A,N/A,N/A,N/A,Samsung Galaxy S III,Samsung,N/A,Lithium-ion,1.5 gigahertz,N/A,3G,N/A,N/A,N/A,Touch Screen,N/A,N/A,yes,Android 4.3 Jelly Bean,16 gigabytes,N/A,No,Black,Yes,N/A,Verizon Wireless,N/A,N/A,N/A,Yes,N/A,Yes,N/A,N/A,N/A,N/A,N/A,N/A,Smartphone,Yes,N/A,N/A,N/A,N/A,Yes,Bluetooth|Wireless A|Wireless B|Wireless G|Wireless N
N/A,N/A,N/A,N/A,Yes,N/A,N/A,3G|4G|4G LTE,N/A,Yes,N/A,N/A,N/A,N/A,N/A,N/A,Yes,N/A,N/A,N/A,Desire,N/A,N/A,N/A,N/A,3G|4G|4G LTE|Dual-band,N/A,N/A,N/A,N/A,Smartphone,N/A,N/A,Virgin Mobile,N/A,HTC,No,Lithium-ion (2100 mAh),N/A,N/A,N/A,N/A,N/A,N/A,N/A,N/A,5.0MP (rear-facing); 1.3MP (front-facing),yes,N/A,N/A,N/A,No,N/A,N/A,N/A,N/A,Android,N/A,N/A,Yes,N/A,N/A,N/A,N/A,N/A,Yes,N/A,N/A,Bar phone,N/A,N/A,N/A,510,N/A,N/A,N/A
N/A,N/A,Up to 5 hours,N/A,N/A,N/A,N/A,N/A,N/A,Yes,N/A,N/A,N/A,N/A,N/A,N/A,Yes,N/A,N/A,N/A,Jitterbug5,N/A,N/A,N/A,N/A,Dual-band,N/A,N/A,N/A,N/A,Basic,N/A,N/A,GreatCall,N/A,Samsung,No,Lithium-ion,N/A,Yes,N/A,Yes,N/A,N/A,N/A,N/A,1.3MP,yes,N/A,N/A,N/A,No,N/A,N/A,N/A,N/A,N/A,N/A,N/A,No,N/A,N/A,Up to 25 days,N/A,N/A,Yes,N/A,N/A,Flip phone,N/A,N/A,N/A,N/A,N/A,N/A,N/A
N/A,N/A,Up to 360 minutes,N/A,Yes,N/A,N/A,CDMA/PCS/1x,N/A,Yes,N/A,N/A,N/A,N/A,N/A,N/A,Yes,Yes,N/A,N/A,Illusion,Yes,N/A,N/A,N/A,3G|Dual-band,N/A,N/A,N/A,Yes,Smartphone,Yes,3G,Verizon Wireless Prepaid,N/A,Samsung,No,Lithium-ion,N/A,Yes,N/A,Yes,N/A,N/A,N/A,Yes,3.0MP,N/A,Android 2.3 Gingerbread,N/A,N/A,Yes,N/A,N/A,N/A,N/A,Android,N/A,N/A,Yes,Yes,N/A,Up to 250 hours,Yes,N/A,Yes,Yes,N/A,Bar phone,N/A,Yes,N/A,N/A,Yes,N/A,N/A
N/A,N/A,Up to 12 hours,N/A,Yes,N/A,N/A,3G,N/A,Yes,N/A,N/A,N/A,N/A,N/A,N/A,Yes,N/A,N/A,N/A,Optimus,N/A,N/A,N/A,N/A,3G,N/A,N/A,N/A,N/A,Smartphone,N/A,3G,Verizon,N/A,LG,No,2100 mAh,N/A,N/A,N/A,N/A,N/A,N/A,Virtual QWERTY,N/A,5.0MP (rear-facing),yes,Android 4.4.2 KitKat,N/A,N/A,Yes,N/A,N/A,N/A,N/A,Android,N/A,N/A,Yes,N/A,N/A,Up to 18 days,N/A,N/A,Yes,N/A,N/A,Bar phone,N/A,N/A,N/A,Exceed 2,N/A,N/A,N/A
5 megapixels,N/A,N/A,Yes,N/A,Yes,LCD,N/A,N/A,N/A,Yes - Front and Back,N/A,4.5 inches,N/A,N/A,No,N/A,N/A,N/A,N/A,N/A,Yes,14.6 days,N/A,Qualcomm Snapdragon,N/A,Yes,2 megapixels,No,N/A,N/A,N/A,N/A,N/A,N/A,Motorola,N/A,Lithium-ion,N/A,N/A,3G,N/A,N/A,N/A,Touch Screen,N/A,N/A,yes,Android 4.3 Jelly Bean,8 gigabytes,N/A,Yes,Black,Yes,18 hours,Boost Mobile,N/A,N/A,N/A,Yes,N/A,Yes,N/A,N/A,N/A,N/A,N/A,N/A,Smartphone,Yes,N/A,N/A,N/A,N/A,Yes,Wireless N
5 megapixels,N/A,N/A,Yes,N/A,Yes,LCD,N/A,N/A,N/A,Yes - Back,N/A,4.5 inches,N/A,854 x 480,No,N/A,N/A,0.512 gigabytes,N/A,N/A,Yes,27 days,N/A,Qualcomm Snapdragon,N/A,Yes,N/A,No,N/A,N/A,N/A,N/A,N/A,N/A,Nokia,N/A,Lithium-ion,1.2 gigahertz,N/A,4G LTE,N/A,N/A,GSM,Touch Screen,N/A,N/A,yes,Windows Phone 8.1,8 gigabytes,N/A,No,White,Yes,14 hours,T-Mobile Prepaid,N/A,N/A,N/A,Yes,N/A,Yes,N/A,N/A,N/A,N/A,N/A,N/A,Smartphone,Yes,N/A,N/A,N/A,N/A,Yes,Wireless B|Wireless G|Wireless N
N/A,N/A,N/A,N/A,Yes,N/A,N/A,3G|4G|4G LTE,N/A,Yes,N/A,N/A,N/A,N/A,N/A,N/A,Yes,N/A,N/A,N/A,Optimus,N/A,N/A,N/A,N/A,Dual-band|3G|4G|4G LTE,N/A,N/A,N/A,N/A,Smartphone,N/A,N/A,Boost Mobile,N/A,LG,No,Lithium-ion 2460 mAh,N/A,N/A,N/A,N/A,N/A,N/A,N/A,N/A,5.0MP (rear); 0.3MP (front),yes,N/A,N/A,N/A,No,N/A,N/A,N/A,N/A,Android,N/A,N/A,Yes,N/A,N/A,Up to 13 days,N/A,N/A,Yes,N/A,N/A,Bar phone,N/A,N/A,N/A,F3,N/A,N/A,N/A
N/A,N/A,Up to 17 hours,N/A,Yes,N/A,N/A,4G LTE|3G,N/A,Yes,N/A,N/A,N/A,N/A,N/A,N/A,Yes,Yes,N/A,N/A,Optimus,N/A,N/A,N/A,N/A,4G LTE,N/A,N/A,N/A,Yes,Smartphone,N/A,3G|4G LTE,Boost Mobile,N/A,LG,No,2540 mAh lithium-ion,N/A,Yes,N/A,Yes,N/A,N/A,N/A,Yes,8.0MP,yes,Android 4.1 Jelly Bean,N/A,N/A,No,Black,N/A,N/A,N/A,Android,N/A,Yes,Yes,Yes,N/A,N/A,N/A,No,Yes,Yes,N/A,Bar phone,N/A,Yes,N/A,F7,Yes,N/A,N/A
5 megapixels,N/A,N/A,Yes,N/A,Yes,Other,N/A,USB,N/A,Yes - Front and Back,microSD,4.5 inches,N/A,540 x 960,No,N/A,N/A,1 gigabytes,N/A,N/A,N/A,N/A,N/A,Qualcomm,N/A,Yes,N/A,No,N/A,N/A,N/A,N/A,N/A,N/A,Motorola,N/A,Lithium-ion,1.2 gigahertz,N/A,3G|4G|4G LTE,N/A,USB cable with charger head,N/A,Touch Screen,N/A,N/A,N/A,Android 5.0 Lollipop,8 gigabytes,N/A,No,White,Yes,N/A,Boost Mobile,N/A,N/A,N/A,Yes,N/A,Yes,N/A,N/A,N/A,N/A,N/A,N/A,Bar phone,Yes,N/A,N/A,N/A,N/A,No,Wireless B|Wireless G|Wireless N
N/A,No,Up to 4.8 hours,N/A,Yes,N/A,N/A,CDMA,N/A,Yes,N/A,N/A,N/A,N/A,N/A,N/A,Send and receive,Yes,N/A,N/A,N/A,Yes,N/A,N/A,N/A,CDMA,N/A,N/A,N/A,No,N/A,Yes,N/A,Boost Mobile,N/A,Sanyo,Yes,Lithium-ion,N/A,Yes,N/A,Yes,N/A,N/A,N/A,Yes,1.3MP,N/A,N/A,N/A,N/A,N/A,Blue,N/A,N/A,N/A,N/A,N/A,Yes,No,Yes,N/A,N/A,Yes,N/A,Yes,Yes,N/A,Bar phone,N/A,Yes,N/A,N/A,Yes,N/A,N/A
N/A,N/A,Up to 7 hours,N/A,Yes,N/A,N/A,CDMA,N/A,Yes,N/A,N/A,N/A,N/A,N/A,N/A,Yes,Yes,N/A,N/A,Ascend,Yes,N/A,N/A,N/A,PCS|3G,N/A,N/A,N/A,Yes,Smartphone,Yes,3G,NET10,N/A,Huawei,No,Lithium-ion,N/A,Yes,N/A,Yes,N/A,N/A,N/A,Yes,N/A,N/A,Android 2.3 Gingerbread,N/A,N/A,Yes,N/A,N/A,N/A,N/A,Android,"Up to 1,500 entries",Yes,Yes,Yes,N/A,Up to 13 days,Yes,N/A,Yes,Yes,N/A,Bar phone,N/A,Yes,N/A,866,Yes,N/A,N/A
5.0 megapixels,N/A,N/A,Yes,N/A,Yes,LCD,N/A,N/A,N/A,Yes - Front and Back,microSD,4.5 inches,N/A,800 x 480,No,N/A,N/A,1 gigabytes,N/A,N/A,N/A,11 days,N/A,Qualcomm Snapdragon,N/A,Yes,1.3 megapixels,No,N/A,N/A,N/A,N/A,N/A,N/A,LG,N/A,Lithium-ion,1.2 gigahertz,N/A,4G,N/A,Wall/USB charger,N/A,Virtual QWERTY,N/A,N/A,yes,Android 4.4 KitKat,8 gigabytes,N/A,Yes,Black,N/A,11 hours,Verizon Wireless Prepaid,N/A,N/A,N/A,Yes,N/A,Yes,N/A,N/A,N/A,N/A,N/A,N/A,Bar phone,Yes,N/A,N/A,N/A,N/A,Yes,Wireless N
N/A,N/A,Up to 5 hours,N/A,Yes,N/A,N/A,UMTS|GSM|GPRS|EDGE,N/A,Yes,N/A,N/A,N/A,N/A,N/A,N/A,Yes,Yes,N/A,N/A,Challenger,Yes,N/A,N/A,N/A,Quad-band|3G,N/A,N/A,N/A,Yes,Smartphone,Yes,3G,AT&T GoPhone,N/A,ZTE,No,Lithium-ion,N/A,Yes,N/A,Yes,N/A,GSM,N/A,Yes,2.0MP,yes,Android 4.1 Jelly Bean,N/A,N/A,Yes,N/A,N/A,N/A,N/A,Android,N/A,Yes,Yes,Yes,N/A,Up to 1 day,Yes,N/A,Yes,Yes,N/A,Bar phone,N/A,Yes,N/A,N/A,Yes,N/A,N/A
N/A,N/A,N/A,N/A,N/A,N/A,N/A,3G|CDMA|EVDO,N/A,Yes,N/A,N/A,N/A,N/A,N/A,N/A,Yes,Yes,N/A,N/A,Shocker,N/A,N/A,N/A,N/A,CDMA|EVDO|3G,N/A,N/A,N/A,N/A,Smartphone,N/A,3G,Virgin Mobile,N/A,Virgin Mobile,No,1650 mAh,N/A,Yes,N/A,N/A,N/A,N/A,N/A,Yes,5.0MP (primary); 1.0MP (front-facing),yes,Android 4.1 Jelly Bean,N/A,N/A,No,N/A,N/A,N/A,N/A,Android,N/A,N/A,Yes,Yes,N/A,N/A,N/A,N/A,Yes,N/A,N/A,Bar phone,N/A,N/A,N/A,N/A,N/A,N/A,N/A
2 megapixels,N/A,N/A,Yes,N/A,Yes,N/A,N/A,N/A,N/A,Yes - Back,N/A,1.17 inches,N/A,N/A,No,N/A,N/A,N/A,N/A,N/A,N/A,11 days,N/A,Not Applicable,N/A,Yes,N/A,No,N/A,N/A,N/A,N/A,N/A,N/A,Alcatel,N/A,Lithium-ion,N/A,N/A,3G,N/A,N/A,GSM,Integrated numeric,N/A,N/A,yes,Android 4.4.2 KitKat,0.05 gigabytes,N/A,No,Black,N/A,4 hours,TRACFONE,N/A,N/A,N/A,No,N/A,Yes,N/A,N/A,N/A,N/A,N/A,N/A,Flip phone,N/A,N/A,N/A,N/A,N/A,N/A,Bluetooth
5.0 megapixels,N/A,N/A,Yes,N/A,Yes,LCD,N/A,USB,N/A,Yes - Front and Back,microSD,4.7 inches,N/A,854 x 480,No,N/A,N/A,1 gigabytes,N/A,N/A,N/A,27.3 days,N/A,Qualcomm,N/A,Yes,1.3 megapixels,No,N/A,N/A,N/A,N/A,N/A,N/A,HTC,N/A,Lithium-ion,1.2 gigahertz,N/A,3G|4G LTE,N/A,N/A,N/A,Touch Screen,N/A,N/A,yes,Android 4.4.3 KitKat,4 gigabytes,N/A,No,Blue,Yes,N/A,Sprint Prepaid,N/A,N/A,N/A,Yes,N/A,Yes,N/A,N/A,N/A,N/A,N/A,N/A,Smartphone,Yes,N/A,N/A,N/A,N/A,No,Wireless A|Wireless B|Wireless G|Wireless N|Wireless AC
5 megapixels,N/A,N/A,Yes,N/A,Yes,TFT-LCD,N/A,Micro USB,N/A,Yes - Front and Back,microSD,5 inches,N/A,540 x 960,No,N/A,N/A,1 gigabytes,N/A,N/A,Yes,14 days,N/A,Qualcomm Snapdragon,N/A,Yes,0.3 megapixels,No,N/A,N/A,N/A,N/A,N/A,N/A,Alcatel,N/A,Other,1.2 gigahertz,N/A,4G,N/A,N/A,GSM,Touch Screen,N/A,N/A,yes,Android 4.4 KitKat,4 gigabytes,N/A,No,Blue,Yes,6 hours,T-Mobile Prepaid,N/A,N/A,N/A,Yes,N/A,Yes,N/A,N/A,N/A,N/A,N/A,N/A,Smartphone,Yes,N/A,No,N/A,N/A,Yes,Bluetooth
N/A,N/A,N/A,N/A,Yes,N/A,N/A,3G|4G|4G LTE,N/A,Yes,N/A,N/A,N/A,N/A,N/A,N/A,Yes,N/A,N/A,N/A,Volt,N/A,N/A,N/A,N/A,3G,N/A,N/A,N/A,N/A,Smartphone,N/A,N/A,Boost Mobile,N/A,LG,No,3000 mAh lithium-ion,N/A,Yes,N/A,N/A,N/A,N/A,N/A,N/A,8.0MP (rear-facing); 1.3MP (front-facing),yes,N/A,N/A,N/A,No,N/A,N/A,N/A,N/A,Android,N/A,N/A,Yes,N/A,N/A,N/A,N/A,N/A,Yes,N/A,N/A,Bar phone,N/A,N/A,N/A,N/A,N/A,N/A,N/A
5 megapixels,N/A,N/A,Yes,N/A,Yes,Other,N/A,USB,N/A,Yes - Front and Back,microSDHC,4.5 inches,N/A,854 x 480,No,N/A,N/A,N/A,N/A,N/A,N/A,N/A,N/A,Qualcomm,N/A,Yes,2 megapixels,No,N/A,N/A,N/A,N/A,N/A,N/A,ZTE,N/A,Lithium-polymer,1.2 gigahertz,N/A,3G|4G|4G LTE,N/A,"Lithium-polymer battery, USB cable, charger head",N/A,Touch Screen,N/A,N/A,yes,Android 4.4.4 KitKat,8 gigabytes,N/A,No,Black,Yes,N/A,Boost Mobile,N/A,N/A,N/A,Yes,N/A,Yes,N/A,N/A,N/A,N/A,N/A,N/A,Bar phone,Yes,N/A,N/A,N/A,N/A,No,Bluetooth
8 megapixels,N/A,N/A,Yes,N/A,Yes,Super AMOLED,N/A,N/A,N/A,Yes - Front and Back,N/A,4.3 inches,N/A,N/A,No,N/A,N/A,1 gigabytes,N/A,N/A,Yes,17 days,N/A,Qualcomm Snapdragon,N/A,Yes,N/A,No,N/A,N/A,N/A,N/A,N/A,N/A,Motorola,N/A,Lithium-ion,1.5 gigahertz,N/A,4G LTE,N/A,N/A,N/A,Touch Screen,N/A,N/A,yes,Android 4.4.2 KitKat,8 gigabytes,N/A,Yes,Black,Yes,20 hours,Verizon Wireless,N/A,N/A,N/A,Yes,N/A,Yes,N/A,N/A,N/A,N/A,N/A,N/A,Smartphone,Yes,N/A,N/A,N/A,N/A,Yes,Bluetooth|Wireless A|Wireless B|Wireless G|Wireless N
8 megapixels,N/A,N/A,Yes,N/A,Yes,Other,N/A,N/A,N/A,Yes - Front and Back,N/A,4.7 inches,N/A,N/A,No,N/A,N/A,N/A,N/A,N/A,N/A,N/A,N/A,Qualcomm Snapdragon,N/A,Yes,1.3 megapixels,No,N/A,N/A,N/A,N/A,N/A,N/A,LG,N/A,Lithium-ion,1.2 gigahertz,N/A,4G,N/A,N/A,N/A,Touch Screen,N/A,N/A,yes,Android 4.4 KitKat,8 gigabytes,N/A,No,White,Yes,24 hours,Sprint Prepaid,N/A,N/A,N/A,Yes,N/A,Yes,N/A,N/A,N/A,N/A,N/A,N/A,Smartphone,Yes,N/A,N/A,N/A,N/A,Yes,Bluetooth
5 megapixels,N/A,N/A,Yes,N/A,Yes,Other,N/A,Micro USB,N/A,Yes - Front and Back,microSD,4.5 inches,N/A,800 x 480,No,N/A,N/A,1 gigabytes,N/A,N/A,N/A,N/A,N/A,Qualcomm,N/A,Yes,2 megapixels,No,N/A,N/A,N/A,N/A,N/A,N/A,Samsung,N/A,Lithium-ion,1.2 gigahertz,N/A,3G|4G|4G LTE,N/A,N/A,N/A,Touch Screen,N/A,N/A,N/A,Android 4.4 KitKat,8 gigabytes,N/A,No,Black,Yes,19 hours,Sprint Prepaid,N/A,N/A,N/A,Yes,N/A,Yes,N/A,N/A,N/A,N/A,N/A,N/A,Bar phone,Yes,N/A,N/A,N/A,N/A,No,Wireless B|Wireless G|Wireless N
16 megapixels,N/A,N/A,Yes,N/A,Yes,Super AMOLED,N/A,USB 2.0,N/A,Yes - Front and Back,microSD,5.7 inches,N/A,2560 x 1440,No,N/A,N/A,3 gigabytes,N/A,N/A,N/A,26 days,N/A,Qualcomm,N/A,Yes,3.7 megapixels,No,N/A,N/A,N/A,N/A,N/A,N/A,Samsung,N/A,Lithium-ion,2.7 gigahertz,N/A,4G|4G LTE,N/A,N/A,GSM,Touch Screen,N/A,N/A,yes,Android 4.4 KitKat,32 gigabytes,N/A,No,Black,Yes,11 hours,T-Mobile Prepaid,N/A,N/A,N/A,Yes,N/A,Yes,N/A,N/A,N/A,N/A,N/A,Gesture sensor|Accelerometer|Geomagnetic sensor|Gyro sensor|Barometer|Heart rate sensor|Fingerprint sensor,Smartphone,Yes,N/A,Yes,N/A,N/A,Yes,Bluetooth
N/A,No,Up to 5 hours,N/A,Yes,N/A,N/A,800/1900MHz CDMA,N/A,Yes,N/A,N/A,N/A,N/A,N/A,N/A,Yes,Yes,N/A,N/A,Optimus,Yes,N/A,N/A,N/A,"Dual-band, 3G",N/A,N/A,N/A,Yes,Smartphone,Yes,3G,NET10,N/A,LG,No,Lithium-ion,N/A,Yes,N/A,Yes,N/A,N/A,N/A,Yes,3.0MP,N/A,Android 2.3 Gingerbread,N/A,N/A,N/A,N/A,N/A,N/A,N/A,Android,N/A,N/A,Yes,Yes,N/A,Up to 10 days,No,N/A,Yes,Yes,N/A,Bar phone,N/A,Yes,N/A,Q,Yes,N/A,N/A
N/A,No,Up to 270 minutes,N/A,Yes,N/A,N/A,CDMA 1x 800/1900MHz,N/A,Yes,N/A,N/A,N/A,N/A,N/A,N/A,Yes,Yes,N/A,N/A,N/A,Yes,N/A,N/A,N/A,Dual-band,N/A,N/A,N/A,Yes,Enhanced,Yes,N/A,Verizon Wireless Prepaid,N/A,Pantech,Yes,Lithium-ion,N/A,Yes,N/A,Yes,N/A,N/A,N/A,Yes,1.3MP,N/A,N/A,N/A,N/A,N/A,N/A,N/A,N/A,N/A,N/A,N/A,Yes,No,Yes,N/A,Up to 400 hours,Yes,N/A,Yes,Yes,N/A,Bar phone,N/A,Yes,N/A,Caper,Yes,N/A,N/A
N/A,N/A,N/A,N/A,Yes,N/A,N/A,N/A,N/A,Yes,N/A,N/A,N/A,N/A,N/A,N/A,Yes,N/A,N/A,N/A,Galaxy,N/A,N/A,N/A,N/A,Tri-mode,N/A,N/A,N/A,N/A,Smartphone,N/A,N/A,Sprint Prepaid,N/A,Samsung,No,Rechargeable lithium-ion,N/A,N/A,N/A,N/A,N/A,N/A,N/A,N/A,8.0MP (rear-facing); 1.9MP (front-facing),yes,N/A,N/A,N/A,No,N/A,N/A,N/A,N/A,Android,N/A,N/A,Yes,N/A,N/A,Up to 8 days,N/A,N/A,Yes,N/A,N/A,Bar phone,N/A,N/A,N/A,S III,N/A,N/A,N/A
2 megapixels,N/A,N/A,Yes,N/A,Yes,TFT-LCD,N/A,N/A,N/A,Yes - Back,N/A,2.4 inches,N/A,N/A,No,N/A,N/A,N/A,N/A,N/A,N/A,12 days,N/A,Qualcomm Snapdragon,N/A,Yes,N/A,No,N/A,N/A,N/A,N/A,N/A,N/A,ZTE,N/A,Lithium-ion,N/A,N/A,3G,N/A,N/A,GSM,Integrated QWERTY,N/A,N/A,yes,Not Applicable,0.256 gigabytes,N/A,No,Black,N/A,5 hours,AT&T GoPhone,N/A,N/A,N/A,No,N/A,No,N/A,N/A,N/A,N/A,N/A,N/A,Bar phone,N/A,N/A,N/A,N/A,N/A,N/A,Bluetooth
N/A,N/A,Up to 3 hours,N/A,Yes,N/A,N/A,WCDMA/GSM,N/A,Yes,N/A,N/A,N/A,N/A,N/A,N/A,Yes,N/A,N/A,N/A,306G,Yes,N/A,N/A,N/A,3G,N/A,N/A,N/A,Yes,Basic,N/A,N/A,TRACFONE,N/A,LG,No,1500 mAh lithium-ion,N/A,Yes,N/A,Yes,N/A,GSM,N/A,Yes,2.0MP,yes,N/A,N/A,N/A,No,N/A,N/A,N/A,N/A,N/A,N/A,N/A,Yes,Yes,N/A,Up to 17 days,N/A,N/A,Yes,N/A,N/A,Bar phone,N/A,Yes,N/A,N/A,N/A,N/A,N/A
13 megapixels,N/A,N/A,Yes,N/A,Yes,Other,N/A,N/A,N/A,Yes - Front and Back,N/A,5.5 inches,N/A,2560 x 1440,No,N/A,N/A,2 gigabytes,N/A,N/A,Yes,31 days,N/A,Qualcomm Snapdragon,N/A,Yes,2.1 megapixels,No,N/A,N/A,N/A,N/A,N/A,N/A,LG,N/A,Lithium-ion,2.5 gigahertz,N/A,4G LTE,N/A,N/A,GSM,Touch Screen,N/A,N/A,yes,Android 4.4 KitKat,16 gigabytes,N/A,No,Black,N/A,23 hours,T-Mobile Prepaid,N/A,N/A,N/A,Yes,N/A,Yes,N/A,N/A,N/A,N/A,N/A,N/A,Smartphone,Yes,N/A,N/A,N/A,N/A,Yes,Wireless A|Wireless AC|Wireless B|Wireless G|Wireless N
5 megapixels,N/A,N/A,Yes,N/A,Yes,TFT-LCD,N/A,N/A,N/A,Yes - Back,N/A,4 inches,N/A,800 x 480,No,N/A,N/A,1 gigabytes,N/A,N/A,Yes,10 days,N/A,Qualcomm Snapdragon,N/A,Yes,N/A,No,N/A,N/A,N/A,N/A,N/A,N/A,ZTE,N/A,Lithium-ion,1.2 gigahertz,N/A,4G,N/A,N/A,GSM,Touch Screen,N/A,N/A,yes,Android 4.3 Jelly Bean,4 gigabytes,N/A,No,Blue,N/A,6 hours,T-Mobile Prepaid,N/A,N/A,N/A,Yes,N/A,Yes,N/A,N/A,N/A,N/A,N/A,N/A,Smartphone,Yes,N/A,N/A,N/A,N/A,Yes,Wireless B|Wireless G|Wireless N
N/A,N/A,Up to 7 hours,N/A,Yes,N/A,N/A,3G,N/A,Yes,N/A,N/A,N/A,N/A,N/A,N/A,Yes,Yes,N/A,N/A,One,N/A,N/A,N/A,N/A,Dual-band|3G,N/A,N/A,N/A,Yes,Smartphone,Yes,3G,T-Mobile Prepaid,N/A,Alcatel,No,Rechargeable lithium-ion,N/A,Yes,N/A,Yes,N/A,GSM,N/A,Yes,5.0MP,yes,Android 4.1 Jelly Bean,N/A,N/A,No,N/A,N/A,N/A,N/A,Android,N/A,Yes,Yes,Yes,N/A,Up to 15 days,Yes,N/A,Yes,Yes,N/A,Bar phone,N/A,Yes,N/A,Touch Evolve,Yes,N/A,N/A
5.0 megapixels,N/A,N/A,Yes,N/A,Yes,Other,N/A,N/A,N/A,Yes - Front and Back,N/A,4.5 inches,N/A,800 x 480,No,N/A,N/A,N/A,N/A,N/A,N/A,N/A,N/A,Qualcomm Snapdragon,N/A,Yes,0.3 megapixels,No,N/A,N/A,N/A,N/A,N/A,N/A,LG,N/A,Lithium-ion,1.2 gigahertz,N/A,4G LTE,N/A,N/A,N/A,Touch Screen,N/A,N/A,yes,Android 4.4 KitKat,4 gigabytes,N/A,No,Multi,Yes,15 hours,Virgin Mobile,N/A,N/A,N/A,Yes,N/A,Yes,N/A,N/A,N/A,N/A,N/A,N/A,Smartphone,Yes,N/A,N/A,N/A,N/A,N/A,Bluetooth
8 megapixels,N/A,N/A,Yes,N/A,Yes,Other,N/A,N/A,N/A,Yes - Front and Back,N/A,4.7 inches,N/A,N/A,No,N/A,N/A,1 gigabytes,N/A,N/A,N/A,12.5 days,N/A,Qualcomm Snapdragon,N/A,Yes,1.3 megapixels,No,N/A,N/A,N/A,N/A,N/A,N/A,LG,N/A,Lithium-ion,1.2 gigahertz,N/A,3G,N/A,N/A,N/A,Touch Screen,N/A,N/A,yes,Android 4.4 KitKat,8 gigabytes,N/A,No,White,Yes,24 hours,Virgin Mobile,N/A,N/A,N/A,Yes,N/A,Yes,N/A,N/A,N/A,N/A,N/A,N/A,Smartphone,Yes,N/A,N/A,N/A,N/A,Yes,Bluetooth
N/A,N/A,N/A,Yes,N/A,Yes,TFT-LCD,N/A,N/A,N/A,Yes - Front,N/A,2.4 inches,N/A,N/A,No,N/A,N/A,N/A,N/A,N/A,N/A,N/A,3.3 feet,Qualcomm Snapdragon,N/A,Yes,N/A,Yes,N/A,N/A,N/A,N/A,N/A,N/A,Kyocera,N/A,Lithium-ion,N/A,N/A,3G,N/A,N/A,N/A,Slide-out QWERTY,N/A,N/A,yes,Not Applicable,256 gigabytes,N/A,No,Black,N/A,6 hours,Boost Mobile,N/A,N/A,N/A,No,N/A,Yes,N/A,N/A,N/A,N/A,N/A,N/A,Slide phone,No,N/A,N/A,N/A,N/A,No,Bluetooth
N/A,N/A,Up to 20 hours,N/A,N/A,N/A,N/A,N/A,N/A,Yes,N/A,N/A,N/A,N/A,N/A,N/A,Yes,N/A,N/A,N/A,Galaxy,N/A,N/A,N/A,N/A,N/A,N/A,N/A,N/A,N/A,Smartphone,N/A,3G,Verizon,N/A,Samsung,No,N/A,N/A,Yes,N/A,N/A,N/A,N/A,N/A,N/A,3.2MP (rear-facing); 1.3MP (front-facing),N/A,Android 4.1.2 Jelly Bean,N/A,N/A,No,N/A,N/A,N/A,N/A,Android,N/A,N/A,Yes,N/A,N/A,Up to 18 days,N/A,N/A,N/A,N/A,N/A,Bar phone,N/A,N/A,N/A,Legend,N/A,N/A,N/A
3.2 megapixels,N/A,N/A,Yes,N/A,Yes,LCD,N/A,N/A,N/A,Yes - Back,N/A,3.5 inches,N/A,480 x 320,No,N/A,N/A,512 gigabytes,N/A,N/A,Yes,6.25 days,N/A,Qualcomm,N/A,Yes,N/A,No,N/A,N/A,N/A,N/A,N/A,N/A,Kyocera,N/A,Lithium-ion,1 gigahertz,N/A,3G,N/A,N/A,N/A,Touch Screen,N/A,N/A,N/A,Android 4.0 Ice Cream Sandwich,4 gigabytes,N/A,No,Black,N/A,8.7 hours,Virgin Mobile,N/A,N/A,N/A,Yes,N/A,Yes,N/A,N/A,N/A,N/A,N/A,N/A,Smartphone,Yes,N/A,N/A,N/A,N/A,No,Wireless B
N/A,N/A,N/A,N/A,N/A,N/A,N/A,3G|4G,N/A,Yes,N/A,N/A,N/A,N/A,N/A,N/A,N/A,N/A,N/A,N/A,Force,N/A,N/A,N/A,N/A,3G|4G,N/A,N/A,N/A,N/A,Smartphone,N/A,3G|4G,Boost Mobile,N/A,ZTE,No,Lithium-ion,N/A,N/A,N/A,N/A,N/A,N/A,N/A,N/A,5.0MP (rear-facing); 1.0MP (front-facing),N/A,Android 4.0 Ice Cream Sandwich,N/A,N/A,No,N/A,N/A,N/A,N/A,Android,N/A,N/A,Yes,N/A,N/A,N/A,N/A,N/A,N/A,N/A,N/A,Bar phone,N/A,N/A,N/A,N/A,N/A,N/A,N/A
8 megapixels,N/A,N/A,Yes,N/A,Yes,N/A,N/A,N/A,N/A,Yes - Front and Back,N/A,5 inches,N/A,N/A,No,N/A,N/A,N/A,N/A,N/A,N/A,N/A,N/A,Qualcomm Snapdragon,N/A,Yes,N/A,No,N/A,N/A,N/A,N/A,N/A,N/A,Sharp,N/A,Lithium-ion,N/A,N/A,3G|4G|4G LTE,N/A,N/A,N/A,Touch Screen,N/A,N/A,yes,Android 4.4 KitKat,8 gigabytes,N/A,No,White,N/A,N/A,Boost Mobile,N/A,N/A,N/A,Yes,N/A,Yes,N/A,N/A,N/A,N/A,N/A,N/A,Smartphone,Yes,N/A,N/A,N/A,N/A,Yes,Bluetooth
