Dryer Capacity,Depth with Door Open (in.),Dryer Depth With Door Open,Wattage,Pre-Wash Detergent Dispenser,Bleach Dispenser,High Efficiency,Height With Door Open,Air Fluff,Door Opening Size,Power Source,Soak Cycle,Stackable,Compact Design,Fill/Drain Hoses Included,Depth With Door Open,Extended Tumble Cycle,Finger Faucet,Allergy Cycle,Time-Remaining Display,Wrinkle-Free Cycle,Cycle Descriptions,Voltage,Stacking Kit Model Number (sold separately),Steam Function,Auto Dry Cycle,Damp Dry,Washer Interior Light,ENERGY STAR Certified,Wheels/Casters,Temperature Options,Color Category,Pre-Wash Dispenser,High-Efficiency Design,Quiet Dry Cycle,Noise Reduction,CSA Listed,Extra-Dry Cycle,Maximum Spin Speed,Delayed Start,Delicates Cycle,Washer Tub/Drum Material,Heavy-Duty Cycle,Sanitation/Allergy Cycle,Washer Load Type,Delay Start,Integrated Water Heater,Cool-Down Cycle,Capacity (cu. ft.),Washer Capacity,ETL Listed,Drying Rack,Tub/Drum Material,Reversible Door Hinge,Number Of Wash Temperatures,Dryer Drum Material,End-Of-Cycle Signal,Hand-Wash Cycle,Quick Wash Cycle,Number Of Drying Cycles,Load Access,Fabric Softner Dispenser,Steam,Exhaust Vent Location,Internal Water Heater,Smart_Phone_Compatible,Number Of Units,Agitator Type,Matching Dryer Available,Number Of Drying Temperatures,Pedestal Model Number (sold separately),Washer Window,Pedestal Available,Pedestal Model Compatibility,Drum and Interior Finish,NSF Listed,Window,Number Of Wash Speeds,ANSI Certified,Second Rinse,Dryer Interior Light,CEE Qualified,Delicate Cycle,Number Of Rinse Temperatures,Permanent Press Cycle,Number of Wash Cycles,Hand-Washable Cycle,Height To Control Panel Top,Estimated Annual Operating Cost,Fabric Softener Dispenser,Out-Of-Balance Detection,Matching Dryer Model Number,Self-Cleaning Filter,Washer/Dryer Combo Type,Height with Lid Open (in.),Control Location,Estimated Yearly Electricity Use (kWh),Capacity,Estimated Yearly Operating Cost,Amperage,Number Of Wash Cycles,Extra-Rinse Cycle,Child Lock,Sensor Dry,Sanitation Cycle,Power Cord Included,Vibration Reduction,Knits Cycle,Additional Accessories Included,Pre-Wash Cycle,Cotton Cycle,pricematch,Interior Light(s),Quick-Wash Cycle,Automatic Temperature Control,Lint Filter,Smart Phone Compatible,UL Listed,Dryer Window,Water Efficiency,Door Style,Number Of Rinse Cycles,Wool Cycle,Control Type,Number Of Temperature Settings,Estimated Annual Electricity Use,ADA Compliant
N/A,N/A,N/A,N/A,Yes,Yes,N/A,55.13 inches,N/A,N/A,N/A,N/A,No,N/A,N/A,N/A,N/A,N/A,Yes,N/A,N/A,N/A,N/A,N/A,Yes,N/A,N/A,N/A,Yes,N/A,N/A,White,N/A,No,N/A,Yes,N/A,N/A,N/A,N/A,Yes,N/A,Yes,N/A,Top load,Yes,N/A,N/A,N/A,N/A,N/A,N/A,Stainless steel,N/A,N/A,N/A,N/A,N/A,N/A,N/A,N/A,N/A,N/A,N/A,Yes,N/A,1,None,N/A,N/A,N/A,N/A,N/A,N/A,N/A,N/A,N/A,N/A,N/A,No,N/A,N/A,N/A,N/A,Yes,N/A,No,N/A,16 United States dollars,Yes,N/A,N/A,N/A,N/A,N/A,N/A,N/A,5.0 cubic feet,N/A,N/A,12,N/A,N/A,N/A,Yes,N/A,Yes,N/A,N/A,N/A,Yes,yes,N/A,Yes,Yes,N/A,N/A,N/A,N/A,N/A,N/A,N/A,N/A,Electronic,N/A,135 kilowatt hours,N/A
N/A,N/A,N/A,N/A,N/A,Yes,N/A,51 inches,N/A,N/A,N/A,N/A,N/A,N/A,No,N/A,N/A,N/A,N/A,N/A,N/A,N/A,120 volts,N/A,N/A,N/A,N/A,N/A,Yes,N/A,N/A,White,N/A,Yes,N/A,N/A,N/A,N/A,700 revolutions per minute,N/A,Yes,N/A,Yes,N/A,Top load,N/A,N/A,N/A,N/A,N/A,N/A,N/A,Stainless steel,N/A,6,N/A,N/A,N/A,N/A,N/A,N/A,N/A,N/A,N/A,N/A,N/A,1,N/A,N/A,N/A,N/A,N/A,N/A,N/A,N/A,N/A,N/A,N/A,N/A,Yes,N/A,Yes,N/A,6,Yes,N/A,Yes,N/A,18 United States dollars,Yes,N/A,N/A,N/A,N/A,N/A,N/A,N/A,4.0 cubic feet,N/A,10 amperes,16,Yes,N/A,N/A,N/A,N/A,N/A,N/A,N/A,Yes,N/A,yes,N/A,N/A,No,N/A,N/A,Yes,N/A,N/A,N/A,N/A,N/A,Electronic,6,166 kilowatt hours,N/A
N/A,N/A,N/A,N/A,Yes,Yes,N/A,57 inches,N/A,N/A,N/A,Yes,No,No,Yes,N/A,N/A,No,No,Yes,N/A,N/A,120 volts,N/A,No,N/A,N/A,N/A,Yes,No,N/A,White,N/A,Yes,N/A,Yes,No,N/A,850 revolutions per minute,N/A,Yes,N/A,No,N/A,Top load,N/A,N/A,N/A,N/A,N/A,No,N/A,Stainless steel,N/A,5,N/A,Yes,N/A,N/A,N/A,N/A,N/A,N/A,N/A,No,N/A,N/A,N/A,Yes,N/A,N/A,N/A,No,N/A,N/A,No,Yes,2,No,Yes,N/A,No,N/A,1,No,N/A,No,42.25 inches,12 United States dollars,Yes,Yes,WED8000DW (electric) or WGD8000DW (gas),N/A,N/A,N/A,N/A,N/A,5.3 cubic feet,N/A,20 amperes,N/A,Yes,No,N/A,No,No,Yes,No,N/A,Yes,No,yes,No,Yes,No,N/A,No,Yes,N/A,N/A,N/A,1,No,Electronic,5,196 kilowatt hours,No
N/A,N/A,N/A,N/A,N/A,Yes,Yes,N/A,N/A,N/A,Electric,N/A,No,N/A,N/A,N/A,N/A,N/A,Yes,N/A,N/A,"Active wear, allergen, bulky/sheets, casual, clean washer, cold wash, deep water soak, delicates, heavy-duty, normal, quick-wash, rinse/drain & spin, sanitary/steam, sheets, towels, whites",N/A,N/A,N/A,N/A,N/A,N/A,Yes,N/A,N/A,Gray,No,N/A,N/A,Yes,N/A,N/A,N/A,Yes,N/A,N/A,N/A,N/A,N/A,N/A,N/A,N/A,4.8 D.O.E.,N/A,N/A,N/A,N/A,N/A,N/A,N/A,N/A,No,N/A,N/A,Top-load,Yes,Yes,N/A,N/A,N/A,N/A,No agitator,N/A,N/A,N/A,N/A,N/A,N/A,Stainless-steel,N/A,N/A,N/A,N/A,No,N/A,N/A,Yes,N/A,Yes,16,N/A,N/A,N/A,N/A,N/A,N/A,N/A,N/A,N/A,Rear panel,150,N/A,$16 with an electric water heater; $10 with a natural gas water heater,N/A,N/A,N/A,N/A,N/A,Yes,N/A,No,N/A,N/A,N/A,N/A,N/A,N/A,N/A,Yes,N/A,N/A,N/A,N/A,No,N/A,N/A,N/A,Electronic,N/A,N/A,N/A
N/A,N/A,N/A,N/A,N/A,Yes,Yes,N/A,N/A,N/A,Electric,N/A,No,N/A,N/A,N/A,N/A,N/A,N/A,N/A,N/A,"Bulky Items, Casual, Clean Washer with affresh, Delicate, Drain & Spin, Heavy Duty, Normal, Quick Wash, Rinse & Spin, Sheets, Whites",N/A,N/A,N/A,N/A,N/A,N/A,Yes,N/A,N/A,White,No,N/A,N/A,Yes,N/A,N/A,N/A,Yes,N/A,N/A,N/A,N/A,N/A,N/A,N/A,N/A,4.5 D.O.E.,N/A,N/A,N/A,N/A,N/A,N/A,N/A,N/A,No,N/A,N/A,Top-load,Yes,No,N/A,N/A,N/A,N/A,No agitator,N/A,N/A,N/A,N/A,N/A,N/A,Stainless-steel,N/A,N/A,N/A,N/A,Yes,N/A,N/A,Yes,N/A,Yes,11,N/A,N/A,N/A,N/A,N/A,N/A,N/A,N/A,58,Rear panel,143,N/A,$15 with an electric water heater; $10 with a natural gas water heater,N/A,N/A,N/A,N/A,N/A,No,N/A,Yes,N/A,N/A,N/A,N/A,yes,N/A,N/A,Yes,N/A,N/A,N/A,N/A,Yes,N/A,N/A,N/A,Digital,N/A,N/A,N/A
N/A,N/A,N/A,N/A,N/A,Yes,No,N/A,N/A,N/A,Electric,N/A,No,N/A,N/A,N/A,N/A,N/A,N/A,N/A,N/A,"Permanent press, prewash, stain wash, drain and spin, quick rinse, heavy, medium, light, delicates, towels, sheets, jeans, hand wash, whites, colors",N/A,N/A,N/A,N/A,N/A,N/A,Yes,N/A,N/A,White,No,N/A,N/A,Yes,N/A,N/A,N/A,No,N/A,N/A,N/A,N/A,N/A,N/A,N/A,N/A,3.9 D.O.E.,N/A,N/A,N/A,N/A,N/A,N/A,N/A,N/A,Yes,N/A,N/A,Top-load,Yes,N/A,N/A,N/A,N/A,N/A,Double-action,N/A,N/A,N/A,N/A,N/A,N/A,Stainless-steel,N/A,N/A,N/A,N/A,Yes,N/A,N/A,Yes,N/A,Yes,16,N/A,N/A,N/A,N/A,N/A,N/A,N/A,N/A,51,N/A,208,N/A,$22 with an electric water heater; $15 with a natural gas water heater,N/A,N/A,N/A,N/A,N/A,N/A,N/A,No,N/A,N/A,N/A,N/A,yes,N/A,N/A,N/A,N/A,N/A,N/A,N/A,Yes,N/A,N/A,N/A,Analog,N/A,N/A,N/A
N/A,N/A,N/A,N/A,No,Yes,N/A,55.13 inches,N/A,N/A,N/A,Yes,No,Yes,Yes,N/A,N/A,N/A,No,Yes,N/A,N/A,120 volts,N/A,No,N/A,N/A,N/A,Yes,N/A,N/A,Gray,N/A,Yes,N/A,Yes,Yes,N/A,1100 revolutions per minute,N/A,Yes,N/A,Yes,N/A,Top load,Yes,N/A,N/A,N/A,N/A,Yes,N/A,Stainless steel,N/A,N/A,N/A,Yes,N/A,N/A,N/A,N/A,N/A,N/A,N/A,No,N/A,1,None,Yes,N/A,N/A,N/A,N/A,N/A,N/A,Yes,Yes,N/A,N/A,Yes,N/A,Yes,N/A,N/A,Yes,N/A,No,N/A,9 United States dollars,Yes,Yes,DLGY1702V,N/A,N/A,N/A,N/A,N/A,4.9 cubic feet,N/A,10 amperes,12,Yes,Yes,N/A,Yes,Yes,Yes,N/A,N/A,No,Yes,yes,N/A,Yes,Yes,N/A,Yes,No,N/A,N/A,N/A,N/A,Yes,Digital,5,113 kilowatt hours,No
N/A,N/A,N/A,N/A,Yes,Yes,N/A,N/A,N/A,N/A,N/A,N/A,Yes,N/A,N/A,53.5 inches,N/A,N/A,No,N/A,N/A,N/A,N/A,N/A,No,N/A,N/A,N/A,No,N/A,N/A,White,N/A,Yes,N/A,No,N/A,N/A,N/A,N/A,Yes,N/A,N/A,N/A,Front load,Yes,N/A,N/A,N/A,N/A,N/A,N/A,Stainless steel,No,N/A,N/A,N/A,N/A,N/A,N/A,N/A,N/A,N/A,N/A,Yes,N/A,1,N/A,N/A,N/A,N/A,N/A,N/A,N/A,N/A,N/A,N/A,N/A,N/A,Yes,N/A,N/A,N/A,N/A,No,N/A,Yes,N/A,N/A,Yes,N/A,N/A,N/A,N/A,N/A,N/A,N/A,3.6 cubic feet,N/A,N/A,9,N/A,N/A,N/A,Yes,N/A,Yes,N/A,N/A,N/A,No,yes,N/A,Yes,Yes,N/A,N/A,N/A,N/A,N/A,N/A,N/A,N/A,Electronic,N/A,N/A,N/A
N/A,N/A,N/A,120 watts,Yes,Yes,N/A,N/A,N/A,50.6 inches,N/A,N/A,Yes,No,No,50.63 inches,N/A,N/A,Yes,Yes,N/A,N/A,120 volts,N/A,Yes,N/A,N/A,N/A,Yes,N/A,N/A,White,N/A,Yes,N/A,Yes,N/A,N/A,1200 revolutions per minute,N/A,Yes,N/A,Yes,N/A,Front load,Yes,N/A,N/A,N/A,N/A,N/A,N/A,Stainless steel,Yes,5,N/A,Yes,N/A,N/A,N/A,N/A,N/A,N/A,N/A,Yes,N/A,1,N/A,Yes,N/A,N/A,N/A,No,N/A,N/A,N/A,N/A,5,N/A,Yes,N/A,Yes,N/A,N/A,Yes,N/A,Yes,N/A,25 United States dollars,Yes,Yes,Eifls55iiw,N/A,N/A,N/A,N/A,N/A,4.2 cubic feet,N/A,12 amperes,11,Yes,N/A,N/A,Yes,Yes,Yes,N/A,N/A,Yes,N/A,yes,Yes,Yes,Yes,N/A,N/A,N/A,N/A,N/A,N/A,N/A,N/A,Digital,5,238 kilowatt hours,N/A
N/A,N/A,N/A,N/A,Yes,Yes,N/A,N/A,N/A,N/A,N/A,N/A,Yes,N/A,No,51 inches,N/A,N/A,Yes,N/A,N/A,N/A,N/A,N/A,Yes,N/A,N/A,N/A,Yes,N/A,N/A,Gray,N/A,Yes,N/A,Yes,N/A,N/A,N/A,N/A,Yes,N/A,Yes,N/A,Front load,Yes,N/A,N/A,N/A,N/A,N/A,N/A,Stainless steel,No,N/A,N/A,N/A,N/A,N/A,N/A,N/A,N/A,N/A,N/A,Yes,N/A,1,N/A,N/A,N/A,N/A,N/A,N/A,N/A,N/A,N/A,N/A,N/A,N/A,Yes,N/A,N/A,N/A,N/A,Yes,N/A,No,N/A,12 United States dollars,Yes,N/A,N/A,N/A,N/A,N/A,N/A,N/A,4.3 cubic feet,N/A,N/A,9,N/A,N/A,N/A,Yes,N/A,Yes,N/A,N/A,N/A,Yes,yes,N/A,N/A,No,N/A,N/A,N/A,N/A,N/A,N/A,N/A,N/A,Electronic,5,100 kilowatt hours,N/A
N/A,N/A,N/A,N/A,No,Yes,N/A,58 inches,N/A,N/A,N/A,Yes,No,No,N/A,N/A,N/A,N/A,No,N/A,N/A,N/A,120 volts,N/A,No,N/A,N/A,N/A,Yes,N/A,N/A,White,N/A,Yes,N/A,N/A,N/A,N/A,800 revolutions per minute,N/A,Yes,N/A,N/A,N/A,Top load,Yes,N/A,N/A,N/A,N/A,N/A,N/A,Stainless steel,N/A,N/A,N/A,Yes,N/A,N/A,N/A,N/A,N/A,N/A,N/A,No,N/A,1,None,N/A,N/A,N/A,N/A,N/A,N/A,N/A,N/A,N/A,N/A,N/A,Yes,N/A,N/A,N/A,1,Yes,N/A,No,N/A,14 United States dollars,Yes,N/A,N/A,N/A,N/A,N/A,N/A,N/A,3.8 cubic feet,N/A,15 amperes,13,Yes,No,N/A,No,N/A,No,N/A,N/A,No,N/A,N/A,N/A,N/A,Yes,N/A,N/A,Yes,N/A,N/A,N/A,N/A,N/A,Digital,5,135 kilowatt hours,N/A
N/A,N/A,N/A,N/A,Yes,Yes,N/A,N/A,N/A,51.19 inches,N/A,N/A,Yes,No,Yes,51.19 inches,N/A,N/A,Yes,N/A,N/A,N/A,N/A,N/A,Yes,N/A,N/A,N/A,Yes,N/A,N/A,White,N/A,Yes,N/A,Yes,N/A,N/A,1200 revolutions per minute,N/A,Yes,N/A,Yes,N/A,Front load,Yes,N/A,N/A,N/A,N/A,N/A,N/A,Stainless steel,No,5,N/A,N/A,N/A,N/A,N/A,N/A,N/A,N/A,N/A,Yes,N/A,1,N/A,Yes,N/A,N/A,N/A,N/A,N/A,N/A,N/A,N/A,12,N/A,No,N/A,Yes,N/A,5,Yes,N/A,No,N/A,10 United States dollars,Yes,Yes,WF42H5400AW,N/A,N/A,N/A,N/A,N/A,4.2 cubic feet,N/A,N/A,11,Yes,Yes,N/A,Yes,No,Yes,Yes,N/A,Yes,Yes,yes,Yes,Yes,Yes,N/A,Yes,N/A,N/A,N/A,N/A,2,N/A,Digital,5,93 kilowatt hours,N/A
N/A,N/A,N/A,N/A,N/A,No,Yes,N/A,N/A,N/A,Electric,N/A,Yes,N/A,N/A,N/A,N/A,N/A,N/A,N/A,N/A,"Sanitary, bulky/large, cotton/normal, permanent press, baby wear, delicates, hand wash/wool, speed wash, drain and spin",N/A,N/A,N/A,N/A,N/A,N/A,Yes,N/A,N/A,White,Yes,N/A,N/A,Yes,N/A,N/A,N/A,Yes,N/A,N/A,N/A,Yes,N/A,N/A,N/A,N/A,2.3 D.O.E.,N/A,N/A,N/A,N/A,N/A,N/A,N/A,N/A,Yes,N/A,N/A,Front-load,Yes,No,N/A,N/A,N/A,N/A,No agitator,N/A,N/A,N/A,N/A,N/A,N/A,Stainless-steel,N/A,N/A,N/A,N/A,Yes,N/A,N/A,Yes,N/A,Yes,9,N/A,N/A,N/A,N/A,N/A,N/A,N/A,N/A,N/A,Front panel,108,N/A,$12 with an electric water heater; $8 with a natural gas water heater,N/A,N/A,N/A,N/A,N/A,N/A,N/A,Yes,N/A,N/A,N/A,N/A,yes,N/A,N/A,N/A,N/A,N/A,N/A,N/A,Yes,N/A,N/A,N/A,Electronic,N/A,N/A,N/A
N/A,N/A,N/A,N/A,N/A,N/A,N/A,47.25 inches,N/A,N/A,N/A,N/A,N/A,Yes,Yes,N/A,N/A,N/A,N/A,N/A,N/A,N/A,N/A,N/A,N/A,N/A,N/A,N/A,No,N/A,N/A,White,N/A,N/A,N/A,No,N/A,N/A,N/A,N/A,No,N/A,Yes,N/A,Top load,N/A,N/A,N/A,N/A,N/A,N/A,N/A,Stainless steel,N/A,3,N/A,N/A,N/A,N/A,N/A,N/A,N/A,N/A,N/A,N/A,N/A,1,N/A,N/A,N/A,N/A,N/A,N/A,N/A,N/A,N/A,N/A,N/A,N/A,N/A,N/A,N/A,N/A,N/A,Yes,N/A,No,N/A,31 United States dollars,N/A,N/A,N/A,N/A,N/A,N/A,N/A,N/A,1.6 cubic feet,N/A,N/A,6,N/A,N/A,N/A,N/A,Yes,N/A,N/A,N/A,N/A,N/A,yes,N/A,Yes,No,N/A,N/A,N/A,N/A,N/A,N/A,N/A,N/A,Electronic,3,290 kilowatt hours,N/A
N/A,N/A,N/A,2300 watts,Yes,No,N/A,N/A,N/A,42.5 inches,N/A,N/A,Yes,Yes,Yes,42.5 inches,N/A,N/A,No,Yes,N/A,N/A,240 volts,N/A,No,N/A,N/A,N/A,Yes,N/A,N/A,White,N/A,Yes,N/A,Yes,N/A,N/A,1200 revolutions per minute,N/A,Yes,N/A,Yes,N/A,Front load,Yes,N/A,N/A,N/A,N/A,N/A,N/A,Stainless steel,No,N/A,N/A,Yes,N/A,N/A,N/A,N/A,N/A,N/A,N/A,Yes,N/A,1,N/A,N/A,N/A,N/A,N/A,N/A,N/A,N/A,N/A,N/A,4,N/A,Yes,N/A,N/A,N/A,N/A,Yes,N/A,Yes,33.25 inches,14 United States dollars,Yes,N/A,N/A,N/A,N/A,N/A,N/A,N/A,2.2 cubic feet,N/A,N/A,15,Yes,N/A,N/A,Yes,Yes,Yes,N/A,N/A,Yes,Yes,yes,N/A,Yes,Yes,N/A,N/A,Yes,N/A,N/A,N/A,2,Yes,Digital,4,135 kilowatt hours,N/A
N/A,N/A,N/A,N/A,No,Yes,N/A,58 inches,N/A,N/A,N/A,No,No,No,N/A,N/A,N/A,N/A,No,Yes,N/A,N/A,120 volts,N/A,No,N/A,N/A,N/A,Yes,N/A,N/A,White,N/A,Yes,N/A,Yes,N/A,N/A,1100 revolutions per minute,N/A,Yes,N/A,Yes,N/A,Top load,Yes,N/A,N/A,N/A,N/A,N/A,N/A,Stainless steel,N/A,N/A,N/A,Yes,N/A,N/A,N/A,N/A,N/A,N/A,N/A,N/A,N/A,1,None,N/A,N/A,N/A,N/A,N/A,N/A,N/A,N/A,Yes,N/A,N/A,Yes,N/A,N/A,N/A,N/A,Yes,N/A,No,N/A,16 United States dollars,Yes,Yes,N/A,N/A,N/A,N/A,N/A,N/A,4.8 cubic feet,N/A,15 amperes,13,Yes,No,N/A,No,N/A,No,N/A,N/A,N/A,N/A,N/A,N/A,Yes,Yes,N/A,N/A,Yes,N/A,N/A,N/A,N/A,N/A,Digital,4,150 kilowatt hours,N/A
N/A,N/A,N/A,N/A,No,Yes,N/A,N/A,N/A,N/A,N/A,N/A,No,N/A,N/A,N/A,N/A,N/A,No,N/A,N/A,N/A,N/A,N/A,No,N/A,N/A,N/A,No,N/A,N/A,White,N/A,No,N/A,Yes,N/A,N/A,700 revolutions per minute,N/A,Yes,N/A,N/A,N/A,Top load,No,N/A,N/A,N/A,N/A,N/A,N/A,Porcelain,N/A,N/A,N/A,N/A,N/A,N/A,N/A,N/A,N/A,N/A,N/A,No,N/A,1,Single-action,N/A,N/A,N/A,N/A,N/A,N/A,N/A,N/A,N/A,N/A,N/A,No,N/A,Yes,N/A,N/A,Yes,N/A,No,N/A,30 United States dollars,No,N/A,N/A,N/A,N/A,N/A,N/A,N/A,3.5 cubic feet,N/A,N/A,8,N/A,No,N/A,No,N/A,Yes,N/A,N/A,No,N/A,yes,N/A,N/A,Yes,N/A,N/A,N/A,N/A,N/A,N/A,N/A,N/A,Electronic,4,488 kilowatt hours,N/A
N/A,N/A,N/A,N/A,No,Yes,N/A,55.75 inches,N/A,N/A,N/A,Yes,No,N/A,N/A,N/A,N/A,N/A,No,N/A,N/A,N/A,120 volts,N/A,Yes,N/A,N/A,N/A,No,N/A,N/A,White,N/A,No,N/A,Yes,N/A,N/A,1100 revolutions per minute,N/A,Yes,N/A,N/A,N/A,Top load,Yes,N/A,N/A,N/A,N/A,N/A,N/A,Stainless steel,N/A,N/A,N/A,N/A,N/A,N/A,N/A,N/A,N/A,N/A,N/A,Yes,N/A,1,None,N/A,N/A,N/A,N/A,N/A,N/A,N/A,N/A,N/A,N/A,N/A,Yes,N/A,Yes,N/A,N/A,Yes,N/A,No,N/A,N/A,Yes,N/A,N/A,N/A,N/A,N/A,N/A,N/A,5.2 cubic feet,N/A,10 amperes,N/A,N/A,Yes,N/A,Yes,Yes,Yes,N/A,N/A,N/A,N/A,yes,N/A,N/A,Yes,N/A,N/A,N/A,N/A,N/A,N/A,N/A,N/A,Electronic,5,N/A,N/A
N/A,N/A,N/A,N/A,Yes,Yes,N/A,N/A,N/A,51.19 inches,N/A,N/A,Yes,No,Yes,51.19 inches,N/A,N/A,Yes,N/A,N/A,N/A,N/A,N/A,Yes,N/A,N/A,N/A,Yes,N/A,N/A,White,N/A,Yes,N/A,Yes,N/A,N/A,1300 revolutions per minute,N/A,Yes,N/A,Yes,N/A,Front load,Yes,N/A,N/A,N/A,N/A,N/A,N/A,Stainless steel,No,5,N/A,N/A,N/A,N/A,N/A,N/A,N/A,N/A,N/A,Yes,N/A,1,N/A,Yes,N/A,N/A,N/A,N/A,N/A,N/A,N/A,N/A,13,N/A,No,N/A,Yes,N/A,5,Yes,N/A,No,N/A,10 United States dollars,Yes,Yes,WF45H6300AW,N/A,N/A,N/A,N/A,N/A,4.5 cubic feet,N/A,N/A,13,Yes,Yes,N/A,Yes,No,Yes,Yes,N/A,Yes,Yes,yes,Yes,Yes,Yes,N/A,Yes,N/A,N/A,N/A,N/A,2,Yes,Digital,5,90 kilowatt hours,N/A
N/A,N/A,N/A,N/A,Yes,Yes,N/A,N/A,N/A,N/A,N/A,N/A,Yes,No,No,53.875 inches,N/A,N/A,N/A,N/A,N/A,N/A,120 volts,N/A,Yes,N/A,N/A,N/A,No,N/A,N/A,Gray,N/A,Yes,N/A,Yes,N/A,N/A,1300 revolutions per minute,N/A,Yes,N/A,No,N/A,Front load,Yes,N/A,N/A,N/A,N/A,N/A,N/A,Stainless steel,N/A,5,N/A,N/A,N/A,N/A,N/A,N/A,N/A,N/A,N/A,Yes,N/A,1,N/A,N/A,N/A,N/A,N/A,Yes,SBSD137HWW,N/A,N/A,Yes,5,N/A,N/A,N/A,N/A,N/A,5,No,N/A,Yes,39.75 inches,16 United States dollars,Yes,N/A,N/A,N/A,N/A,N/A,N/A,N/A,4.3 cubic feet,N/A,12 amperes,10,Yes,N/A,N/A,Yes,Yes,Yes,N/A,N/A,N/A,N/A,yes,N/A,Yes,No,N/A,N/A,Yes,N/A,N/A,N/A,N/A,N/A,Electronic,5,131 kilowatt hours,N/A
N/A,N/A,N/A,1020 watts,Yes,Yes,N/A,N/A,N/A,50.6 inches,N/A,N/A,Yes,No,No,50.63 inches,N/A,N/A,Yes,N/A,N/A,N/A,120 volts,N/A,Yes,N/A,N/A,N/A,Yes,N/A,N/A,White,N/A,Yes,N/A,Yes,N/A,N/A,1400 revolutions per minute,N/A,Yes,N/A,Yes,N/A,Front load,Yes,N/A,N/A,N/A,N/A,N/A,N/A,Stainless steel,Yes,6,N/A,Yes,N/A,N/A,N/A,N/A,N/A,N/A,N/A,Yes,N/A,1,N/A,Yes,N/A,N/A,N/A,No,N/A,N/A,N/A,N/A,6,N/A,Yes,N/A,Yes,N/A,N/A,Yes,N/A,Yes,N/A,13 United States dollars,Yes,Yes,EWFLS70JIW,N/A,N/A,N/A,N/A,N/A,4.4 cubic feet,N/A,12 amperes,11,Yes,Yes,N/A,Yes,Yes,Yes,N/A,N/A,Yes,N/A,yes,Yes,Yes,Yes,N/A,N/A,N/A,N/A,N/A,N/A,N/A,Yes,Digital,6,118 kilowatt hours,N/A
N/A,N/A,N/A,N/A,No,Yes,N/A,51 inches,N/A,N/A,N/A,N/A,No,N/A,N/A,N/A,N/A,N/A,No,N/A,N/A,N/A,N/A,N/A,No,N/A,N/A,N/A,No,N/A,N/A,White,N/A,No,N/A,Yes,N/A,N/A,N/A,N/A,No,N/A,Yes,N/A,Top load,No,N/A,N/A,N/A,N/A,N/A,N/A,Plastic,N/A,N/A,N/A,N/A,N/A,N/A,N/A,N/A,N/A,N/A,N/A,N/A,N/A,1,Dual-action,N/A,N/A,N/A,N/A,N/A,N/A,N/A,N/A,N/A,N/A,N/A,No,N/A,N/A,N/A,N/A,Yes,N/A,No,N/A,N/A,Yes,N/A,N/A,N/A,N/A,N/A,N/A,N/A,3.7 cubic feet,N/A,N/A,8,N/A,N/A,N/A,No,N/A,Yes,N/A,N/A,N/A,No,yes,N/A,N/A,No,N/A,N/A,N/A,N/A,N/A,N/A,N/A,N/A,Analog,N/A,N/A,N/A
N/A,N/A,N/A,N/A,No,Yes,N/A,N/A,N/A,N/A,N/A,N/A,Yes,N/A,N/A,52.75 inches,N/A,N/A,Yes,N/A,N/A,N/A,N/A,N/A,Yes,N/A,N/A,N/A,No,N/A,N/A,Gray,N/A,Yes,N/A,Yes,N/A,N/A,N/A,N/A,Yes,N/A,N/A,N/A,Front load,Yes,N/A,N/A,N/A,N/A,N/A,N/A,Stainless steel,No,N/A,N/A,N/A,N/A,N/A,N/A,N/A,N/A,N/A,N/A,N/A,N/A,1,N/A,N/A,N/A,N/A,N/A,N/A,N/A,N/A,N/A,N/A,N/A,N/A,No,N/A,N/A,N/A,N/A,No,N/A,No,N/A,N/A,Yes,N/A,N/A,N/A,N/A,N/A,N/A,N/A,4.5 cubic feet,N/A,N/A,12,N/A,N/A,N/A,Yes,N/A,Yes,N/A,N/A,N/A,No,yes,N/A,Yes,Yes,N/A,N/A,N/A,N/A,N/A,N/A,N/A,N/A,Digital,N/A,N/A,N/A
N/A,N/A,N/A,N/A,N/A,Yes,N/A,N/A,N/A,N/A,N/A,Yes,N/A,N/A,Yes,N/A,N/A,N/A,N/A,N/A,N/A,N/A,120 volts,N/A,N/A,N/A,N/A,N/A,No,N/A,N/A,White,N/A,N/A,N/A,N/A,N/A,N/A,680 revolutions per minute,N/A,Yes,N/A,Yes,N/A,Top load,Yes,N/A,N/A,N/A,N/A,N/A,N/A,Stainless steel,N/A,N/A,N/A,N/A,N/A,N/A,N/A,N/A,N/A,N/A,N/A,N/A,N/A,N/A,N/A,N/A,N/A,N/A,N/A,N/A,N/A,N/A,N/A,N/A,N/A,N/A,Yes,N/A,N/A,N/A,N/A,No,N/A,Yes,N/A,N/A,Yes,N/A,N/A,N/A,N/A,N/A,N/A,N/A,2.6 cubic feet,N/A,20 amperes,8,Yes,Yes,N/A,N/A,N/A,N/A,N/A,N/A,N/A,N/A,yes,N/A,Yes,No,N/A,N/A,Yes,N/A,N/A,N/A,N/A,N/A,Electronic,3,N/A,N/A
N/A,N/A,N/A,N/A,No,Yes,N/A,54 inches,N/A,N/A,N/A,N/A,No,No,No,N/A,N/A,N/A,No,N/A,N/A,N/A,N/A,N/A,No,N/A,N/A,N/A,Yes,N/A,N/A,Silver,N/A,Yes,N/A,Yes,N/A,N/A,N/A,N/A,Yes,N/A,Yes,N/A,Top load,Yes,N/A,N/A,N/A,N/A,N/A,N/A,Stainless steel,N/A,5,N/A,N/A,N/A,N/A,N/A,N/A,N/A,N/A,N/A,N/A,N/A,1,None,N/A,N/A,N/A,N/A,N/A,N/A,N/A,N/A,N/A,N/A,N/A,No,N/A,N/A,N/A,N/A,Yes,N/A,Yes,N/A,18 United States dollars,Yes,N/A,N/A,N/A,N/A,N/A,N/A,N/A,4.8 cubic feet,N/A,N/A,11,N/A,N/A,N/A,N/A,No,Yes,N/A,N/A,N/A,N/A,yes,N/A,Yes,Yes,N/A,Yes,N/A,N/A,N/A,N/A,N/A,N/A,Digital,5,165 kilowatt hours,N/A
N/A,N/A,N/A,N/A,No,Yes,N/A,57.5 inches,N/A,N/A,N/A,Yes,No,No,No,N/A,N/A,N/A,No,Yes,N/A,N/A,120 volts,N/A,No,N/A,N/A,N/A,Yes,N/A,N/A,White,N/A,Yes,N/A,Yes,Yes,N/A,800 revolutions per minute,N/A,Yes,N/A,Yes,N/A,Top load,Yes,N/A,N/A,N/A,N/A,N/A,N/A,Stainless steel,N/A,5,N/A,Yes,N/A,N/A,N/A,N/A,N/A,N/A,N/A,No,N/A,1,None,Yes,N/A,N/A,N/A,N/A,N/A,N/A,N/A,Yes,N/A,Yes,Yes,N/A,N/A,N/A,1,Yes,N/A,Yes,N/A,17 United States dollars,Yes,N/A,WA400PJHDWR/AA,N/A,N/A,N/A,N/A,N/A,4 cubic feet,N/A,15 amperes,9,Yes,Yes,N/A,No,No,Yes,N/A,N/A,N/A,N/A,yes,N/A,Yes,Yes,N/A,N/A,Yes,N/A,N/A,N/A,N/A,No,Electronic,5,163 kilowatt hours,N/A
N/A,N/A,N/A,N/A,No,Yes,N/A,N/A,N/A,N/A,N/A,N/A,Yes,N/A,N/A,52.75 inches,N/A,N/A,No,N/A,N/A,N/A,N/A,N/A,No,N/A,N/A,N/A,Yes,N/A,N/A,White,N/A,Yes,N/A,Yes,N/A,N/A,N/A,N/A,No,N/A,N/A,N/A,Front load,Yes,N/A,N/A,N/A,N/A,N/A,N/A,Stainless steel,No,N/A,N/A,N/A,N/A,N/A,N/A,N/A,N/A,N/A,N/A,N/A,N/A,1,N/A,N/A,N/A,N/A,N/A,N/A,N/A,N/A,N/A,N/A,N/A,N/A,Yes,N/A,N/A,N/A,N/A,No,N/A,No,N/A,15 United States dollars,Yes,N/A,N/A,N/A,N/A,N/A,N/A,N/A,4.2 cubic feet,N/A,N/A,N/A,N/A,N/A,N/A,Yes,N/A,Yes,N/A,N/A,N/A,No,yes,N/A,Yes,Yes,N/A,N/A,N/A,N/A,N/A,N/A,N/A,N/A,Digital,N/A,145 kilowatt hours,N/A
N/A,51,N/A,N/A,N/A,Yes,Yes,N/A,N/A,N/A,Electric,N/A,Yes,N/A,N/A,N/A,N/A,N/A,Yes,N/A,N/A,"Cotton/normal, bulky/large, permanent press, delicates, hand wash/wool, speed wash, sanitary, Allergiene, tub clean",N/A,N/A,N/A,N/A,N/A,N/A,No,N/A,N/A,Red,Yes,N/A,N/A,Yes,N/A,N/A,N/A,Yes,N/A,N/A,N/A,N/A,N/A,N/A,N/A,N/A,4.0 D.O.E.,N/A,N/A,N/A,N/A,No,N/A,N/A,N/A,Yes,N/A,N/A,Front-load,Yes,Yes,N/A,N/A,N/A,N/A,No agitator,N/A,N/A,N/A,N/A,N/A,N/A,Stainless-steel,N/A,N/A,N/A,N/A,No,N/A,N/A,Yes,N/A,Yes,9,N/A,N/A,N/A,N/A,N/A,N/A,N/A,N/A,N/A,Front panel,130,N/A,$14 with an electric water heater; $10 with a natural gas water heater,N/A,N/A,N/A,N/A,N/A,Yes,N/A,Yes,N/A,N/A,N/A,N/A,yes,N/A,N/A,Yes,N/A,N/A,N/A,N/A,No,N/A,N/A,N/A,Electronic,N/A,N/A,N/A
N/A,N/A,N/A,N/A,N/A,Yes,Yes,N/A,N/A,N/A,Electric,N/A,Yes,N/A,N/A,N/A,N/A,N/A,No,N/A,N/A,"Normal, heavy duty, permanent press, bedding, active wear, delicates, quick wash, rinse + spin",N/A,N/A,N/A,N/A,N/A,N/A,Yes,N/A,N/A,White,No,N/A,N/A,Yes,N/A,N/A,N/A,Yes,N/A,N/A,N/A,N/A,N/A,N/A,N/A,N/A,4.2 D.O.E.,N/A,N/A,N/A,N/A,No,N/A,N/A,N/A,No,Yes,N/A,Front-load,Yes,No,N/A,N/A,N/A,N/A,No agitator,N/A,N/A,N/A,N/A,N/A,N/A,Stainless-steel,N/A,N/A,N/A,N/A,Yes,N/A,N/A,Yes,N/A,Yes,N/A,N/A,N/A,N/A,N/A,N/A,N/A,N/A,N/A,N/A,Front panel,95,N/A,$10 with an electric water heater; $7 with a natural gas water heater,N/A,N/A,N/A,N/A,N/A,No,N/A,Yes,N/A,N/A,N/A,N/A,yes,N/A,N/A,Yes,N/A,N/A,N/A,N/A,Yes,N/A,N/A,N/A,Digital,N/A,N/A,N/A
N/A,N/A,N/A,N/A,No,Yes,N/A,54 inches,N/A,N/A,N/A,N/A,No,No,No,N/A,N/A,N/A,No,N/A,N/A,N/A,120 volts,N/A,No,N/A,N/A,N/A,Yes,N/A,N/A,White,N/A,Yes,N/A,Yes,Yes,N/A,800 revolutions per minute,N/A,Yes,N/A,Yes,N/A,Top load,Yes,N/A,N/A,N/A,N/A,N/A,N/A,Stainless steel,N/A,5,N/A,N/A,N/A,N/A,N/A,N/A,N/A,N/A,N/A,No,N/A,1,None,Yes,N/A,N/A,N/A,N/A,N/A,N/A,N/A,N/A,N/A,Yes,Yes,N/A,Yes,N/A,1,Yes,N/A,Yes,N/A,18 United States dollars,Yes,N/A,DV45H7000GW,N/A,N/A,N/A,N/A,N/A,5 cubic feet,N/A,15 amperes,9,Yes,Yes,N/A,No,Yes,Yes,N/A,N/A,N/A,N/A,yes,N/A,Yes,Yes,N/A,N/A,Yes,N/A,N/A,N/A,N/A,N/A,Digital,5,169 kilowatt hours,N/A
N/A,N/A,N/A,N/A,Yes,Yes,N/A,51 inches,N/A,N/A,N/A,N/A,No,No,No,N/A,N/A,N/A,No,N/A,N/A,N/A,N/A,N/A,Yes,N/A,N/A,N/A,Yes,N/A,N/A,White,N/A,Yes,N/A,Yes,N/A,N/A,N/A,N/A,Yes,N/A,No,N/A,Top load,Yes,N/A,N/A,N/A,N/A,N/A,N/A,Stainless steel,N/A,1,N/A,N/A,N/A,N/A,N/A,N/A,N/A,N/A,N/A,N/A,N/A,1,None,Yes,N/A,N/A,N/A,N/A,N/A,N/A,N/A,N/A,N/A,N/A,Yes,N/A,N/A,N/A,N/A,Yes,N/A,Yes,N/A,25 United States dollars,Yes,N/A,GTWS8650DWS,N/A,N/A,N/A,N/A,N/A,5 cubic feet,N/A,N/A,16,N/A,N/A,N/A,Yes,Yes,Yes,N/A,N/A,N/A,N/A,yes,N/A,Yes,Yes,N/A,N/A,N/A,N/A,N/A,N/A,N/A,N/A,Electronic,6,232 kilowatt hours,N/A
N/A,N/A,N/A,N/A,Yes,Yes,N/A,N/A,N/A,51 inches,N/A,N/A,Yes,N/A,Yes,51 inches,N/A,N/A,Yes,N/A,N/A,N/A,120 volts,N/A,Yes,N/A,N/A,N/A,Yes,N/A,N/A,White,N/A,Yes,N/A,Yes,N/A,N/A,1300 revolutions per minute,N/A,Yes,N/A,Yes,N/A,Front load,Yes,N/A,N/A,N/A,N/A,N/A,N/A,Stainless steel,No,5,N/A,Yes,N/A,N/A,N/A,N/A,N/A,N/A,N/A,Yes,N/A,1,N/A,Yes,N/A,N/A,N/A,Yes,"WDP4V, WDP4W",N/A,N/A,N/A,12,N/A,Yes,N/A,N/A,N/A,5,Yes,N/A,No,N/A,12 United States dollars,Yes,Yes,"DLGX3571V, DLG3571W",N/A,N/A,N/A,N/A,N/A,4.3 cubic feet,N/A,10 amperes,12,Yes,Yes,N/A,Yes,N/A,Yes,N/A,N/A,Yes,Yes,yes,N/A,Yes,Yes,N/A,Yes,Yes,N/A,N/A,N/A,2,N/A,Electronic,5,100 kilowatt hours,N/A
N/A,N/A,N/A,N/A,Yes,Yes,N/A,46.75 inches,N/A,N/A,N/A,N/A,No,N/A,N/A,N/A,N/A,N/A,No,N/A,N/A,N/A,N/A,N/A,No,N/A,N/A,N/A,No,N/A,N/A,Silver,N/A,N/A,N/A,Yes,N/A,N/A,N/A,N/A,Yes,N/A,N/A,N/A,N/A,No,N/A,N/A,N/A,N/A,N/A,N/A,Stainless steel,N/A,N/A,N/A,N/A,N/A,N/A,N/A,N/A,N/A,N/A,N/A,Yes,N/A,N/A,None,N/A,N/A,N/A,N/A,N/A,N/A,N/A,N/A,N/A,N/A,N/A,Yes,N/A,N/A,N/A,N/A,No,N/A,Yes,N/A,12 United States dollars,Yes,N/A,N/A,N/A,N/A,N/A,N/A,N/A,0.9 cubic feet,N/A,N/A,9,N/A,N/A,N/A,Yes,N/A,Yes,N/A,N/A,N/A,N/A,yes,N/A,Yes,Yes,N/A,N/A,N/A,N/A,N/A,N/A,N/A,N/A,Digital,N/A,116 kilowatt hours,N/A
N/A,N/A,N/A,N/A,No,Yes,N/A,54 inches,N/A,N/A,N/A,N/A,No,No,No,N/A,N/A,N/A,No,N/A,N/A,N/A,120 volts,N/A,No,N/A,N/A,N/A,Yes,N/A,N/A,White,N/A,Yes,N/A,Yes,Yes,N/A,1100 revolutions per minute,N/A,Yes,N/A,Yes,N/A,Top load,Yes,N/A,N/A,N/A,N/A,N/A,N/A,Stainless steel,N/A,5,N/A,Yes,N/A,N/A,N/A,N/A,N/A,N/A,N/A,No,N/A,1,None,Yes,N/A,N/A,N/A,N/A,N/A,N/A,Yes,N/A,N/A,N/A,No,N/A,Yes,N/A,N/A,Yes,N/A,Yes,N/A,18 United States dollars,Yes,N/A,DV48H7400GW,N/A,N/A,N/A,N/A,N/A,4.8 cubic feet,N/A,15 amperes,11,Yes,Yes,N/A,No,No,Yes,Yes,N/A,N/A,N/A,yes,N/A,Yes,Yes,N/A,Yes,Yes,N/A,N/A,N/A,1,N/A,Digital,5,165 kilowatt hours,N/A
3.39 cubic feet,N/A,37 inches,200 watts,Yes,Yes,N/A,N/A,No,N/A,N/A,Yes,N/A,Yes,Yes,N/A,No,N/A,No,Yes,Yes,N/A,110 volts,N/A,No,Yes,No,No,No,N/A,N/A,White,N/A,Yes,No,No,N/A,Yes,1000 revolutions per minute,N/A,Yes,Stainless steel,Yes,N/A,Front load,Yes,No,No,N/A,1.6 cubic feet,No,No,N/A,N/A,3,Stainless steel,Yes,N/A,N/A,4,N/A,N/A,N/A,Rear,N/A,N/A,2,N/A,N/A,10,N/A,No,N/A,N/A,N/A,No,N/A,2,No,Yes,No,N/A,N/A,1,No,N/A,Yes,33.5 inches,N/A,Yes,N/A,N/A,Yes,Stacked units,N/A,N/A,N/A,N/A,N/A,15 amperes,8,Yes,Yes,No,No,Yes,No,Yes,N/A,Yes,Yes,yes,N/A,Yes,No,Yes,No,No,No,N/A,Left swing,2,N/A,Analog,N/A,N/A,No
N/A,N/A,N/A,N/A,No,Yes,N/A,52 inches,N/A,N/A,N/A,No,No,No,Yes,N/A,N/A,No,No,No,N/A,N/A,120 volts,N/A,No,N/A,N/A,N/A,No,No,N/A,White,N/A,N/A,N/A,No,Yes,N/A,700 revolutions per minute,N/A,Yes,N/A,No,N/A,Top load,No,N/A,N/A,N/A,N/A,N/A,N/A,Porcelain,N/A,5,N/A,No,N/A,N/A,N/A,N/A,N/A,N/A,N/A,No,N/A,N/A,Other,Yes,N/A,N/A,N/A,No,N/A,N/A,No,No,N/A,N/A,Yes,N/A,No,N/A,1,No,N/A,No,N/A,16 United States dollars,Yes,Yes,WGD4815EW (gas) and WED4815EW (electric),N/A,N/A,N/A,N/A,N/A,3.5 cubic feet,N/A,20 amperes,9,Yes,No,N/A,No,Yes,No,No,N/A,No,No,yes,No,No,No,N/A,No,Yes,N/A,N/A,N/A,N/A,No,Analog,5,176 kilowatt hours,No
N/A,N/A,N/A,N/A,N/A,Yes,Yes,N/A,N/A,N/A,Electric,N/A,No,N/A,N/A,N/A,N/A,N/A,No,N/A,N/A,"Normal, heavy-duty, permanent press, towels, bedding, colors/darks, infant wear, active wear, delicates/hand wash, quick wash, PureCycle, rinse and spin, spin only",N/A,N/A,N/A,N/A,N/A,N/A,Yes,N/A,N/A,White,No,N/A,N/A,Yes,N/A,N/A,N/A,Yes,N/A,N/A,N/A,N/A,N/A,N/A,N/A,N/A,5.0 D.O.E.,N/A,N/A,N/A,N/A,N/A,N/A,N/A,N/A,Yes,N/A,N/A,Top-load,Yes,No,N/A,N/A,N/A,N/A,N/A,N/A,N/A,N/A,N/A,N/A,N/A,Stainless-steel,N/A,N/A,N/A,N/A,Yes,N/A,N/A,Yes,N/A,Yes,13,N/A,N/A,N/A,N/A,N/A,N/A,N/A,N/A,58-1/8,N/A,165,N/A,$18 with an electric water heater; $10 with a natural gas water heater,N/A,N/A,N/A,N/A,N/A,N/A,N/A,Yes,N/A,N/A,N/A,N/A,yes,N/A,N/A,N/A,N/A,N/A,N/A,N/A,Yes,N/A,N/A,N/A,N/A,N/A,N/A,N/A
N/A,N/A,N/A,N/A,No,Yes,N/A,51 inches,N/A,N/A,N/A,N/A,No,No,No,N/A,N/A,N/A,No,N/A,N/A,N/A,120 volts,N/A,No,N/A,N/A,N/A,No,N/A,N/A,White,N/A,No,N/A,Yes,N/A,N/A,630 revolutions per minute,N/A,No,N/A,Yes,N/A,Top load,No,N/A,N/A,N/A,N/A,N/A,N/A,Plastic,N/A,3,N/A,Yes,N/A,N/A,N/A,N/A,N/A,N/A,N/A,N/A,N/A,1,Dual-action,Yes,N/A,N/A,N/A,N/A,N/A,N/A,N/A,N/A,N/A,N/A,No,N/A,N/A,N/A,N/A,Yes,N/A,No,N/A,N/A,Yes,N/A,GTWP1800HWS,N/A,N/A,N/A,N/A,N/A,3.7 cubic feet,N/A,N/A,12,N/A,N/A,N/A,No,Yes,No,N/A,N/A,N/A,N/A,yes,N/A,Yes,No,N/A,N/A,N/A,N/A,N/A,N/A,N/A,N/A,Analog,3,N/A,N/A
N/A,N/A,N/A,N/A,No,Yes,N/A,53 inches,N/A,N/A,N/A,Yes,No,N/A,Yes,N/A,N/A,N/A,Yes,N/A,N/A,N/A,120 volts,N/A,No,N/A,N/A,N/A,Yes,N/A,N/A,White,N/A,No,N/A,N/A,N/A,N/A,800 revolutions per minute,N/A,Yes,N/A,N/A,N/A,Top load,No,N/A,N/A,N/A,N/A,N/A,N/A,Stainless steel,N/A,N/A,N/A,Yes,N/A,N/A,N/A,N/A,N/A,N/A,N/A,No,N/A,1,Dual-action,N/A,N/A,N/A,N/A,N/A,N/A,N/A,N/A,N/A,N/A,N/A,Yes,N/A,Yes,N/A,1,Yes,N/A,No,N/A,17 United States dollars,Yes,N/A,N/A,N/A,N/A,N/A,N/A,N/A,3.6 cubic feet,N/A,15 amperes,11,Yes,No,N/A,No,Yes,No,N/A,N/A,N/A,N/A,yes,N/A,N/A,Yes,N/A,N/A,Yes,N/A,N/A,N/A,N/A,N/A,Electronic,5,159 kilowatt hours,N/A
N/A,N/A,N/A,N/A,No,No,N/A,N/A,N/A,N/A,N/A,Yes,No,No,No,N/A,N/A,N/A,No,N/A,N/A,N/A,120 volts,N/A,No,N/A,N/A,N/A,No,N/A,N/A,White,N/A,Yes,N/A,No,No,N/A,660 revolutions per minute,N/A,Yes,N/A,Yes,N/A,Top load,No,N/A,N/A,N/A,N/A,No,N/A,Stainless steel,N/A,5,N/A,No,N/A,N/A,N/A,N/A,N/A,N/A,N/A,No,N/A,1,Single-action,N/A,N/A,N/A,N/A,N/A,N/A,N/A,N/A,N/A,N/A,N/A,No,N/A,No,N/A,1,Yes,N/A,No,N/A,16 United States dollars,N/A,N/A,N/A,N/A,N/A,N/A,N/A,N/A,4.3 cubic feet,N/A,15 amperes,12,Yes,Yes,N/A,No,No,Yes,N/A,N/A,No,N/A,yes,N/A,Yes,Yes,N/A,N/A,Yes,N/A,N/A,N/A,1,No,Analog,5,300 kilowatt hours,N/A
N/A,N/A,N/A,N/A,No,Yes,N/A,N/A,N/A,51.19 inches,N/A,N/A,Yes,No,Yes,51.19 inches,N/A,N/A,Yes,N/A,N/A,N/A,N/A,N/A,Yes,N/A,N/A,N/A,Yes,N/A,N/A,Silver,N/A,Yes,N/A,Yes,N/A,N/A,1200 revolutions per minute,N/A,Yes,N/A,Yes,N/A,Front load,Yes,N/A,N/A,N/A,N/A,N/A,N/A,Stainless steel,No,4,N/A,N/A,N/A,N/A,N/A,N/A,N/A,N/A,N/A,Yes,N/A,1,N/A,Yes,N/A,N/A,N/A,N/A,N/A,N/A,N/A,N/A,10,N/A,Yes,N/A,Yes,N/A,4,Yes,N/A,No,N/A,10 United States dollars,Yes,Yes,WF42H5200AP,N/A,N/A,N/A,N/A,N/A,4.2 cubic feet,N/A,N/A,9,Yes,Yes,N/A,Yes,No,Yes,Yes,N/A,N/A,Yes,yes,Yes,Yes,Yes,N/A,Yes,N/A,N/A,N/A,N/A,2,N/A,Digital,4,95 kilowatt hours,N/A
N/A,N/A,N/A,N/A,No,Yes,N/A,55 inches,N/A,N/A,N/A,No,No,No,Yes,N/A,N/A,No,No,Yes,N/A,N/A,120 volts,N/A,Yes,N/A,N/A,N/A,Yes,No,N/A,White,N/A,Yes,N/A,No,Yes,N/A,850 revolutions per minute,N/A,Yes,N/A,No,N/A,Top load,Yes,N/A,N/A,N/A,N/A,No,N/A,Stainless steel,N/A,5,N/A,Yes,N/A,N/A,N/A,N/A,N/A,N/A,N/A,No,N/A,1,Other,Yes,N/A,N/A,N/A,No,N/A,N/A,No,No,3,No,No,N/A,No,N/A,1,No,N/A,No,37.25 inches,27 United States dollars,Yes,Yes,"WED7300DW (electric), WGD7300DW (gas)",N/A,N/A,N/A,N/A,N/A,4.8 cubic feet,N/A,15 amperes,N/A,No,No,N/A,No,Yes,Yes,No,"Drain hose with clamp, U-form, cable tie",Yes,No,yes,No,Yes,No,N/A,No,Yes,N/A,N/A,N/A,N/A,No,Electronic,5,169 kilowatt hours,No
N/A,N/A,N/A,N/A,No,Yes,N/A,N/A,N/A,N/A,N/A,N/A,No,N/A,N/A,N/A,N/A,N/A,No,N/A,N/A,N/A,120 volts,N/A,No,N/A,N/A,N/A,No,N/A,N/A,White,N/A,No,N/A,Yes,N/A,N/A,700 revolutions per minute,N/A,Yes,N/A,N/A,N/A,Top load,No,N/A,N/A,N/A,N/A,N/A,N/A,Porcelain,N/A,N/A,N/A,Yes,N/A,N/A,N/A,N/A,N/A,N/A,N/A,No,N/A,1,Dual-action,N/A,N/A,N/A,N/A,N/A,N/A,N/A,N/A,N/A,N/A,N/A,No,N/A,No,N/A,1,Yes,N/A,Yes,N/A,N/A,Yes,N/A,N/A,N/A,N/A,N/A,N/A,N/A,3.6 cubic feet,N/A,15 amperes,11,Yes,No,N/A,No,N/A,Yes,N/A,N/A,No,N/A,yes,N/A,N/A,Yes,N/A,N/A,Yes,N/A,N/A,N/A,1,N/A,Analog,4,N/A,N/A
N/A,N/A,N/A,N/A,No,Yes,N/A,N/A,N/A,N/A,N/A,N/A,No,N/A,N/A,N/A,N/A,N/A,No,N/A,N/A,N/A,N/A,N/A,No,N/A,N/A,N/A,No,N/A,N/A,White,N/A,N/A,N/A,No,N/A,N/A,N/A,N/A,Yes,N/A,N/A,N/A,N/A,Yes,N/A,N/A,N/A,N/A,N/A,N/A,Stainless steel,N/A,N/A,N/A,N/A,N/A,N/A,N/A,N/A,N/A,N/A,N/A,N/A,N/A,N/A,None,N/A,N/A,N/A,N/A,N/A,N/A,N/A,N/A,N/A,N/A,N/A,No,N/A,N/A,N/A,N/A,No,N/A,No,N/A,N/A,No,N/A,N/A,N/A,N/A,N/A,N/A,N/A,2.3 cubic feet,N/A,N/A,6,N/A,N/A,N/A,No,N/A,No,N/A,N/A,N/A,N/A,yes,N/A,N/A,No,N/A,N/A,N/A,N/A,N/A,N/A,N/A,N/A,Electronic,N/A,N/A,N/A
N/A,N/A,N/A,N/A,Yes,Yes,N/A,N/A,N/A,N/A,N/A,N/A,Yes,No,Yes,58.3 inches,N/A,N/A,Yes,N/A,N/A,N/A,N/A,N/A,Yes,N/A,N/A,N/A,Yes,N/A,N/A,Gray,N/A,Yes,N/A,Yes,N/A,N/A,1300 revolutions per minute,N/A,Yes,N/A,Yes,N/A,Front load,Yes,N/A,N/A,N/A,N/A,N/A,N/A,Stainless steel,No,5,N/A,N/A,N/A,N/A,N/A,N/A,N/A,N/A,N/A,Yes,N/A,1,N/A,Yes,N/A,N/A,N/A,N/A,N/A,N/A,N/A,N/A,13,N/A,Yes,N/A,Yes,N/A,5,Yes,N/A,No,N/A,11 United States dollars,Yes,Yes,WF56H9100AG,N/A,N/A,N/A,N/A,N/A,4.5 cubic feet,N/A,N/A,15,Yes,Yes,N/A,Yes,No,Yes,Yes,N/A,Yes,Yes,yes,Yes,Yes,Yes,N/A,Yes,N/A,N/A,N/A,N/A,2,Yes,Digital,5,100 kilowatt hours,N/A
N/A,N/A,N/A,N/A,Yes,Yes,N/A,N/A,N/A,N/A,N/A,N/A,Yes,No,N/A,51 inches,N/A,N/A,N/A,N/A,N/A,N/A,120 volts,N/A,N/A,N/A,N/A,N/A,Yes,N/A,N/A,White,N/A,Yes,N/A,Yes,N/A,N/A,1300 revolutions per minute,N/A,Yes,N/A,N/A,N/A,Front load,Yes,N/A,N/A,N/A,N/A,N/A,N/A,Stainless steel,N/A,5,N/A,Yes,N/A,N/A,N/A,N/A,N/A,N/A,N/A,Yes,N/A,1,N/A,Yes,N/A,N/A,N/A,Yes,WDP4W,N/A,N/A,Yes,N/A,N/A,N/A,N/A,N/A,N/A,N/A,Yes,N/A,No,38.6875 inches,11 United States dollars,Yes,N/A,"DLE3170W, DLG3171W",N/A,N/A,N/A,N/A,N/A,4.3 cubic feet,N/A,10 amperes,7,Yes,Yes,N/A,N/A,Yes,Yes,N/A,N/A,N/A,Yes,yes,Yes,Yes,Yes,N/A,Yes,N/A,N/A,N/A,N/A,N/A,N/A,Electronic,5,90 kilowatt hours,N/A
N/A,52-3/4,N/A,N/A,N/A,Yes,Yes,N/A,N/A,N/A,Electric,N/A,Yes,N/A,N/A,N/A,N/A,N/A,No,N/A,N/A,"Clean washer, cold wash, delicates, drain and spin, eco-sanitize, heavy duty, normal, quick wash",N/A,N/A,N/A,N/A,N/A,N/A,Yes,N/A,N/A,White,No,N/A,N/A,No,N/A,N/A,N/A,Yes,N/A,N/A,N/A,N/A,N/A,N/A,N/A,N/A,4.2 D.O.E.,N/A,N/A,N/A,N/A,No,N/A,N/A,N/A,No,Yes,N/A,Front-load,Yes,No,N/A,N/A,N/A,N/A,No agitator,N/A,N/A,N/A,N/A,N/A,N/A,Stainless-steel,N/A,N/A,N/A,N/A,Yes,N/A,N/A,Yes,N/A,No,N/A,N/A,N/A,N/A,N/A,N/A,N/A,N/A,N/A,N/A,Front panel,145,N/A,$8 with a natural gas water heater; $15 with an electric water heater,N/A,N/A,N/A,N/A,N/A,No,N/A,No,N/A,N/A,N/A,N/A,yes,N/A,N/A,No,N/A,N/A,N/A,N/A,Yes,N/A,N/A,N/A,Electronic,N/A,N/A,N/A
N/A,N/A,N/A,N/A,No,Yes,N/A,N/A,N/A,N/A,N/A,N/A,Yes,N/A,N/A,52.75 inches,N/A,N/A,Yes,N/A,N/A,N/A,N/A,N/A,Yes,N/A,N/A,N/A,Yes,N/A,N/A,Gray,N/A,Yes,N/A,Yes,N/A,N/A,N/A,N/A,Yes,N/A,N/A,N/A,Front load,Yes,N/A,N/A,N/A,N/A,N/A,N/A,Stainless steel,No,N/A,N/A,N/A,N/A,N/A,N/A,N/A,N/A,N/A,N/A,N/A,N/A,1,N/A,N/A,N/A,N/A,N/A,N/A,N/A,N/A,N/A,N/A,N/A,N/A,No,N/A,N/A,N/A,N/A,No,N/A,No,N/A,15 United States dollars,Yes,N/A,N/A,N/A,N/A,N/A,N/A,N/A,4.5 cubic feet,N/A,N/A,12,N/A,N/A,N/A,Yes,N/A,Yes,N/A,N/A,N/A,No,yes,N/A,Yes,Yes,N/A,N/A,N/A,N/A,N/A,N/A,N/A,N/A,Digital,N/A,145 kilowatt hours,N/A
N/A,N/A,N/A,N/A,No,Yes,N/A,N/A,N/A,N/A,N/A,N/A,Yes,N/A,N/A,52.75 inches,N/A,N/A,Yes,N/A,N/A,N/A,N/A,N/A,Yes,N/A,N/A,N/A,Yes,N/A,N/A,Gray,N/A,Yes,N/A,Yes,N/A,N/A,N/A,N/A,Yes,N/A,N/A,N/A,Front load,Yes,N/A,N/A,N/A,N/A,N/A,N/A,Stainless steel,No,N/A,N/A,N/A,N/A,N/A,N/A,N/A,N/A,N/A,N/A,N/A,N/A,1,N/A,N/A,N/A,N/A,N/A,N/A,N/A,N/A,N/A,N/A,N/A,N/A,No,N/A,N/A,N/A,N/A,No,N/A,No,N/A,15 United States dollars,Yes,N/A,N/A,N/A,N/A,N/A,N/A,N/A,4.5 cubic feet,N/A,N/A,12,N/A,N/A,N/A,Yes,N/A,Yes,N/A,N/A,N/A,No,yes,N/A,Yes,Yes,N/A,N/A,N/A,N/A,N/A,N/A,N/A,N/A,Digital,N/A,145 kilowatt hours,N/A
N/A,N/A,N/A,N/A,No,Yes,N/A,51 inches,N/A,N/A,N/A,N/A,No,No,Yes,N/A,N/A,N/A,No,Yes,N/A,N/A,120 volts,N/A,No,N/A,N/A,N/A,No,N/A,N/A,White,N/A,No,N/A,Yes,Yes,N/A,630 revolutions per minute,N/A,Yes,N/A,Yes,N/A,Top load,No,N/A,N/A,N/A,N/A,N/A,N/A,Stainless steel,N/A,3,N/A,No,N/A,N/A,N/A,N/A,N/A,N/A,N/A,No,N/A,1,Dual-action,Yes,N/A,N/A,N/A,N/A,N/A,N/A,Yes,Yes,N/A,Yes,No,N/A,No,N/A,N/A,Yes,N/A,No,N/A,N/A,No,Yes,WNRD2050GWC,N/A,N/A,N/A,N/A,N/A,3.6 cubic feet,N/A,20 amperes,5,N/A,N/A,N/A,No,Yes,No,N/A,N/A,No,Yes,yes,N/A,Yes,No,N/A,N/A,Yes,N/A,N/A,N/A,N/A,N/A,Electronic,3,N/A,N/A
N/A,N/A,N/A,N/A,No,Yes,N/A,N/A,N/A,N/A,N/A,N/A,Yes,N/A,N/A,N/A,N/A,N/A,Yes,N/A,N/A,N/A,N/A,N/A,Yes,N/A,N/A,N/A,Yes,N/A,N/A,Gray,N/A,Yes,N/A,No,N/A,N/A,N/A,N/A,Yes,N/A,N/A,N/A,Front load,Yes,N/A,N/A,N/A,N/A,N/A,N/A,Stainless steel,No,N/A,N/A,N/A,N/A,N/A,N/A,N/A,N/A,N/A,N/A,Yes,N/A,1,N/A,N/A,N/A,N/A,N/A,N/A,N/A,N/A,N/A,N/A,N/A,N/A,No,N/A,N/A,N/A,N/A,No,N/A,No,N/A,15 United States dollars,Yes,N/A,N/A,N/A,N/A,N/A,N/A,N/A,4.5 cubic feet,N/A,N/A,N/A,N/A,N/A,N/A,Yes,N/A,Yes,N/A,N/A,N/A,No,yes,N/A,Yes,No,N/A,N/A,N/A,N/A,N/A,N/A,N/A,N/A,Electronic,N/A,145 kilowatt hours,N/A
N/A,N/A,N/A,2300 watts,Yes,No,N/A,N/A,N/A,42.5 inches,N/A,N/A,Yes,Yes,Yes,42.5 inches,N/A,N/A,No,Yes,N/A,N/A,240 volts,N/A,No,N/A,N/A,N/A,No,N/A,N/A,White,N/A,Yes,N/A,Yes,N/A,N/A,1200 revolutions per minute,N/A,Yes,N/A,Yes,N/A,Front load,Yes,N/A,N/A,N/A,N/A,N/A,N/A,Stainless steel,No,N/A,N/A,Yes,N/A,N/A,N/A,N/A,N/A,N/A,N/A,Yes,N/A,1,N/A,N/A,N/A,N/A,N/A,N/A,N/A,N/A,N/A,N/A,4,N/A,Yes,N/A,N/A,N/A,N/A,Yes,N/A,Yes,33.25 inches,N/A,Yes,N/A,N/A,N/A,N/A,N/A,N/A,N/A,2.2 cubic feet,N/A,N/A,15,Yes,N/A,N/A,Yes,Yes,Yes,N/A,N/A,Yes,Yes,yes,N/A,Yes,Yes,N/A,N/A,Yes,N/A,N/A,N/A,2,Yes,Digital,4,N/A,N/A
N/A,N/A,N/A,N/A,Yes,Yes,N/A,60 inches,N/A,N/A,N/A,Yes,No,No,No,N/A,N/A,N/A,No,N/A,N/A,N/A,N/A,N/A,Yes,N/A,N/A,N/A,No,N/A,N/A,Gray,N/A,Yes,N/A,Yes,N/A,N/A,1000 revolutions per minute,N/A,Yes,N/A,No,N/A,Top load,Yes,N/A,N/A,N/A,N/A,N/A,N/A,Stainless steel,N/A,6,N/A,N/A,N/A,N/A,N/A,N/A,N/A,N/A,N/A,Yes,N/A,1,None,Yes,N/A,N/A,N/A,N/A,N/A,N/A,N/A,N/A,N/A,N/A,No,N/A,Yes,N/A,N/A,No,N/A,Yes,N/A,N/A,Yes,N/A,GTWS8655DMC,N/A,N/A,N/A,N/A,N/A,5 cubic feet,N/A,10 amperes,13,N/A,No,N/A,Yes,Yes,Yes,N/A,N/A,Yes,N/A,yes,N/A,Yes,Yes,N/A,N/A,N/A,N/A,N/A,N/A,N/A,N/A,Electronic,6,N/A,N/A
N/A,N/A,N/A,N/A,No,Yes,N/A,51 inches,N/A,N/A,N/A,No,No,No,No,N/A,N/A,N/A,No,N/A,N/A,N/A,120 volts,N/A,No,N/A,N/A,N/A,No,N/A,N/A,White,N/A,No,N/A,Yes,N/A,N/A,620 revolutions per minute,N/A,No,N/A,Yes,N/A,Top load,No,N/A,N/A,N/A,N/A,N/A,N/A,Plastic,N/A,3,N/A,No,N/A,N/A,N/A,N/A,N/A,N/A,N/A,No,N/A,1,Dual-action,Yes,N/A,N/A,N/A,N/A,N/A,N/A,N/A,N/A,N/A,N/A,No,N/A,No,N/A,N/A,Yes,N/A,No,N/A,N/A,No,N/A,HSWP1000MWW,N/A,N/A,N/A,N/A,N/A,3.5 cubic feet,N/A,10 amperes,8,N/A,No,N/A,No,Yes,No,N/A,N/A,No,N/A,yes,N/A,No,No,N/A,N/A,Yes,N/A,N/A,N/A,N/A,No,Analog,3,N/A,N/A
N/A,N/A,N/A,N/A,No,Yes,N/A,60 inches,N/A,N/A,N/A,Yes,No,No,No,N/A,N/A,N/A,No,N/A,N/A,N/A,N/A,N/A,Yes,N/A,N/A,N/A,No,N/A,N/A,White,N/A,Yes,N/A,Yes,N/A,N/A,1000 revolutions per minute,N/A,Yes,N/A,Yes,N/A,Top load,Yes,N/A,N/A,N/A,N/A,N/A,N/A,Stainless steel,N/A,6,N/A,Yes,N/A,N/A,N/A,N/A,N/A,N/A,N/A,Yes,N/A,1,None,Yes,N/A,N/A,N/A,N/A,N/A,N/A,N/A,N/A,N/A,N/A,No,N/A,Yes,N/A,N/A,No,N/A,No,N/A,N/A,Yes,N/A,GTWS8350HWS,N/A,N/A,N/A,N/A,N/A,5 cubic feet,N/A,N/A,13,N/A,No,N/A,Yes,Yes,Yes,N/A,N/A,No,N/A,yes,N/A,No,Yes,N/A,N/A,N/A,N/A,N/A,N/A,N/A,N/A,Electronic,6,N/A,N/A
N/A,53-7/8,N/A,N/A,N/A,Yes,Yes,N/A,N/A,N/A,Electric,N/A,Yes,N/A,N/A,N/A,N/A,N/A,No,N/A,N/A,"Whites, colors/normals, NSF sanitize, delicates/hand wash, quick wash, rinse and spin, bulky/bedding, towels and sheets, active wear, basket clean",N/A,GEFLSTACK,N/A,N/A,N/A,N/A,Yes,N/A,N/A,White,Yes,N/A,N/A,Yes,N/A,N/A,N/A,Yes,N/A,N/A,N/A,N/A,N/A,N/A,N/A,N/A,4.3 D.O.E.,N/A,N/A,N/A,N/A,No,N/A,N/A,N/A,Yes,Yes,N/A,Front-load,Yes,Yes,N/A,Yes,N/A,N/A,No agitator,N/A,N/A,SBSD137HWW,N/A,N/A,N/A,Stainless-steel,N/A,N/A,N/A,N/A,No,N/A,N/A,Yes,N/A,No,N/A,N/A,N/A,N/A,N/A,N/A,N/A,N/A,N/A,N/A,Front panel,131,N/A,$16 with an electric water heater; $13 with a natural gas water heater,N/A,N/A,N/A,N/A,N/A,Yes,N/A,Yes,N/A,N/A,N/A,N/A,yes,N/A,N/A,Yes,N/A,N/A,N/A,N/A,No,N/A,N/A,N/A,Electronic,N/A,N/A,N/A
N/A,N/A,N/A,N/A,No,Yes,N/A,N/A,N/A,52.75 inches,N/A,Yes,Yes,N/A,No,52.75 inches,N/A,N/A,No,Yes,N/A,N/A,N/A,N/A,Yes,N/A,N/A,N/A,Yes,N/A,N/A,White,N/A,Yes,N/A,No,N/A,N/A,1400 revolutions per minute,N/A,Yes,N/A,Yes,N/A,Front load,Yes,N/A,N/A,N/A,N/A,N/A,N/A,Stainless steel,No,4,N/A,Yes,N/A,N/A,N/A,N/A,N/A,N/A,N/A,Yes,N/A,1,N/A,N/A,N/A,N/A,N/A,Yes,N/A,N/A,N/A,N/A,10,N/A,Yes,N/A,Yes,N/A,4,No,N/A,No,N/A,15 United States dollars,Yes,Yes,N/A,N/A,N/A,N/A,N/A,N/A,4.3 cubic feet,N/A,N/A,10,Yes,N/A,N/A,Yes,N/A,Yes,N/A,N/A,N/A,N/A,yes,Yes,Yes,No,N/A,N/A,Yes,N/A,N/A,N/A,2,N/A,Electronic,4,145 kilowatt hours,Yes
N/A,N/A,N/A,N/A,No,Yes,N/A,54.33 inches,N/A,N/A,N/A,Yes,No,No,No,N/A,N/A,N/A,No,N/A,N/A,N/A,120 volts,N/A,No,N/A,N/A,N/A,Yes,N/A,N/A,Silver,N/A,Yes,N/A,Yes,Yes,N/A,1100 revolutions per minute,N/A,Yes,N/A,Yes,N/A,Top load,Yes,N/A,N/A,N/A,N/A,N/A,N/A,Stainless steel,N/A,N/A,N/A,Yes,N/A,N/A,N/A,N/A,N/A,N/A,N/A,No,N/A,1,N/A,Yes,N/A,N/A,N/A,N/A,N/A,N/A,N/A,Yes,N/A,N/A,Yes,N/A,Yes,N/A,N/A,No,N/A,No,N/A,20 United States dollars,Yes,N/A,WT1201CV,N/A,N/A,N/A,N/A,N/A,4.5 cubic feet,N/A,10 amperes,8,Yes,Yes,N/A,No,Yes,Yes,N/A,N/A,No,Yes,yes,N/A,Yes,No,N/A,No,N/A,N/A,N/A,N/A,N/A,N/A,Electronic,5,170 kilowatt hours,N/A
N/A,N/A,N/A,N/A,No,Yes,N/A,55.75 inches,N/A,N/A,N/A,Yes,No,N/A,Yes,N/A,N/A,N/A,No,N/A,N/A,N/A,120 volts,N/A,No,N/A,N/A,N/A,No,N/A,N/A,White,N/A,Yes,N/A,Yes,Yes,N/A,1100 revolutions per minute,N/A,Yes,N/A,N/A,N/A,Top load,Yes,N/A,N/A,N/A,N/A,Yes,N/A,Stainless steel,N/A,N/A,N/A,Yes,N/A,N/A,N/A,N/A,N/A,N/A,N/A,N/A,N/A,1,None,Yes,N/A,N/A,N/A,N/A,N/A,N/A,N/A,N/A,N/A,N/A,Yes,N/A,Yes,N/A,N/A,Yes,N/A,No,N/A,18 United States dollars,Yes,N/A,DLG4971W,N/A,N/A,N/A,N/A,N/A,4.7 cubic feet,N/A,10 amperes,8,Yes,Yes,N/A,No,Yes,Yes,N/A,N/A,No,N/A,yes,N/A,Yes,Yes,N/A,N/A,No,N/A,N/A,N/A,N/A,Yes,Electronic,5,150 kilowatt hours,No
N/A,N/A,N/A,N/A,No,Yes,N/A,55.75 inches,N/A,N/A,N/A,Yes,No,N/A,N/A,N/A,N/A,N/A,Yes,N/A,N/A,N/A,120 volts,N/A,Yes,N/A,N/A,N/A,Yes,N/A,N/A,White,N/A,Yes,N/A,Yes,Yes,N/A,1100 revolutions per minute,N/A,Yes,N/A,N/A,N/A,Top load,Yes,N/A,N/A,N/A,N/A,Yes,N/A,Stainless steel,N/A,N/A,N/A,Yes,N/A,N/A,N/A,N/A,N/A,N/A,N/A,Yes,N/A,1,None,Yes,N/A,N/A,N/A,N/A,N/A,N/A,N/A,N/A,N/A,N/A,Yes,N/A,Yes,N/A,N/A,Yes,N/A,No,N/A,16 United States dollars,Yes,N/A,DLGX5681W,N/A,N/A,N/A,N/A,N/A,5.2 cubic feet,N/A,10 amperes,14,Yes,Yes,N/A,Yes,Yes,Yes,N/A,N/A,N/A,N/A,yes,N/A,Yes,Yes,N/A,Yes,N/A,N/A,N/A,N/A,N/A,Yes,Digital,5,135 kilowatt hours,N/A
N/A,N/A,N/A,N/A,No,Yes,N/A,N/A,N/A,N/A,N/A,N/A,Yes,N/A,N/A,52.75 inches,N/A,N/A,Yes,N/A,N/A,N/A,N/A,N/A,Yes,N/A,N/A,N/A,Yes,N/A,N/A,White,N/A,Yes,N/A,Yes,N/A,N/A,N/A,N/A,Yes,N/A,N/A,N/A,Front load,Yes,N/A,N/A,N/A,N/A,N/A,N/A,Stainless steel,No,N/A,N/A,N/A,N/A,N/A,N/A,N/A,N/A,N/A,N/A,N/A,N/A,1,N/A,N/A,N/A,N/A,N/A,N/A,N/A,N/A,N/A,N/A,N/A,N/A,No,N/A,N/A,N/A,N/A,No,N/A,No,N/A,15 United States dollars,Yes,N/A,N/A,N/A,N/A,N/A,N/A,N/A,4.5 cubic feet,N/A,N/A,12,N/A,N/A,N/A,Yes,N/A,Yes,N/A,N/A,N/A,No,yes,N/A,Yes,Yes,N/A,N/A,N/A,N/A,N/A,N/A,N/A,N/A,Digital,N/A,145 kilowatt hours,N/A
N/A,N/A,N/A,N/A,No,Yes,N/A,55 inches,N/A,N/A,N/A,Yes,No,No,Yes,N/A,N/A,N/A,Yes,N/A,N/A,N/A,N/A,N/A,Yes,N/A,N/A,N/A,Yes,N/A,N/A,Silver,N/A,Yes,N/A,Yes,Yes,N/A,1100 revolutions per minute,N/A,Yes,N/A,Yes,N/A,Top load,Yes,N/A,N/A,N/A,N/A,N/A,N/A,Stainless steel,N/A,6,N/A,Yes,N/A,N/A,N/A,N/A,N/A,N/A,N/A,Yes,N/A,1,None,Yes,N/A,N/A,N/A,N/A,N/A,N/A,Yes,N/A,N/A,N/A,Yes,N/A,Yes,N/A,N/A,Yes,N/A,Yes,N/A,18 United States dollars,Yes,N/A,DV56H9000GP,N/A,N/A,N/A,N/A,N/A,5.6 cubic feet,N/A,15 amperes,15,Yes,Yes,N/A,Yes,No,Yes,N/A,N/A,N/A,N/A,yes,N/A,Yes,Yes,N/A,N/A,Yes,N/A,N/A,N/A,N/A,Yes,Digital,6,165 kilowatt hours,N/A
N/A,N/A,N/A,N/A,No,No,N/A,57 inches,N/A,N/A,N/A,N/A,No,N/A,No,N/A,N/A,N/A,Yes,N/A,N/A,N/A,N/A,N/A,Yes,N/A,N/A,N/A,Yes,N/A,N/A,White,N/A,Yes,N/A,Yes,N/A,N/A,N/A,N/A,Yes,N/A,N/A,N/A,Top load,Yes,N/A,N/A,N/A,N/A,N/A,N/A,Stainless steel,N/A,N/A,N/A,N/A,N/A,N/A,N/A,N/A,N/A,N/A,N/A,N/A,N/A,1,None,N/A,N/A,N/A,N/A,N/A,N/A,N/A,N/A,N/A,N/A,N/A,Yes,N/A,N/A,N/A,N/A,Yes,N/A,Yes,N/A,24 United States dollars,Yes,N/A,N/A,N/A,N/A,N/A,N/A,N/A,5.3 cubic feet,N/A,N/A,N/A,N/A,N/A,N/A,Yes,N/A,Yes,N/A,N/A,N/A,No,yes,N/A,Yes,Yes,N/A,N/A,N/A,N/A,N/A,N/A,N/A,N/A,Digital,N/A,196 kilowatt hours,N/A
N/A,N/A,N/A,N/A,Yes,Yes,N/A,N/A,N/A,51.19 inches,N/A,N/A,Yes,No,Yes,51.19 inches,N/A,N/A,Yes,N/A,N/A,N/A,N/A,N/A,Yes,N/A,N/A,N/A,Yes,N/A,N/A,Red,N/A,Yes,N/A,Yes,N/A,N/A,1200 revolutions per minute,N/A,Yes,N/A,Yes,N/A,Front load,Yes,N/A,N/A,N/A,N/A,N/A,N/A,Stainless steel,No,4,N/A,N/A,N/A,N/A,N/A,N/A,N/A,N/A,N/A,Yes,N/A,1,N/A,Yes,N/A,N/A,N/A,N/A,N/A,N/A,N/A,N/A,12,N/A,No,N/A,Yes,N/A,5,Yes,N/A,No,N/A,10 United States dollars,Yes,Yes,WF42H5400AF,N/A,N/A,N/A,N/A,N/A,4.2 cubic feet,N/A,N/A,9,Yes,Yes,N/A,Yes,No,Yes,Yes,N/A,Yes,Yes,yes,Yes,Yes,Yes,N/A,Yes,N/A,N/A,N/A,N/A,2,N/A,Digital,4,93 kilowatt hours,N/A
N/A,N/A,N/A,400 watts,No,No,N/A,46.44 inches,N/A,N/A,N/A,N/A,No,Yes,N/A,N/A,N/A,N/A,No,N/A,N/A,N/A,120 volts,N/A,No,N/A,N/A,N/A,No,N/A,N/A,White,N/A,No,N/A,No,N/A,N/A,800 revolutions per minute,N/A,No,N/A,N/A,N/A,Top load,Yes,N/A,N/A,N/A,N/A,N/A,N/A,Steel,N/A,N/A,N/A,N/A,N/A,N/A,N/A,N/A,N/A,N/A,N/A,No,N/A,1,None,N/A,N/A,N/A,N/A,N/A,N/A,N/A,N/A,N/A,N/A,N/A,No,N/A,No,N/A,N/A,No,N/A,No,N/A,N/A,No,N/A,N/A,N/A,N/A,N/A,N/A,N/A,1.6 cubic feet,N/A,N/A,3,N/A,No,N/A,No,N/A,No,N/A,N/A,No,N/A,yes,N/A,N/A,No,N/A,N/A,N/A,N/A,N/A,N/A,N/A,Yes,Digital,3,N/A,N/A
N/A,N/A,N/A,N/A,No,Yes,N/A,60 inches,N/A,N/A,N/A,N/A,No,N/A,N/A,N/A,N/A,N/A,No,N/A,N/A,N/A,N/A,N/A,No,N/A,N/A,N/A,Yes,N/A,N/A,White,N/A,No,N/A,Yes,N/A,N/A,N/A,N/A,Yes,N/A,Yes,N/A,Top load,Yes,N/A,N/A,N/A,N/A,N/A,N/A,Stainless steel,N/A,6,N/A,N/A,N/A,N/A,N/A,N/A,N/A,N/A,N/A,N/A,N/A,1,None,N/A,N/A,N/A,N/A,N/A,N/A,N/A,N/A,N/A,N/A,N/A,No,N/A,N/A,N/A,N/A,No,N/A,No,N/A,18 United States dollars,Yes,N/A,N/A,N/A,N/A,N/A,N/A,N/A,5.0 cubic feet,N/A,N/A,12,N/A,N/A,N/A,No,N/A,Yes,N/A,N/A,N/A,No,yes,N/A,Yes,Yes,N/A,N/A,N/A,N/A,N/A,N/A,N/A,N/A,Electronic,6,166 kilowatt hours,N/A
N/A,N/A,N/A,N/A,No,Yes,N/A,N/A,N/A,N/A,N/A,N/A,Yes,N/A,N/A,52.75 inches,N/A,N/A,Yes,N/A,N/A,N/A,N/A,N/A,Yes,N/A,N/A,N/A,Yes,N/A,N/A,White,N/A,Yes,N/A,No,N/A,N/A,N/A,N/A,Yes,N/A,N/A,N/A,Front load,Yes,N/A,N/A,N/A,N/A,N/A,N/A,Stainless steel,No,N/A,N/A,N/A,N/A,N/A,N/A,N/A,N/A,N/A,N/A,N/A,N/A,1,N/A,N/A,N/A,N/A,N/A,N/A,N/A,N/A,N/A,N/A,N/A,N/A,Yes,N/A,N/A,N/A,N/A,No,N/A,No,N/A,15 United States dollars,Yes,N/A,N/A,N/A,N/A,N/A,N/A,N/A,4.5 cubic feet,N/A,N/A,N/A,N/A,N/A,N/A,Yes,N/A,Yes,N/A,N/A,N/A,No,yes,N/A,Yes,No,N/A,N/A,N/A,N/A,N/A,N/A,N/A,N/A,Electronic,N/A,145 kilowatt hours,N/A
N/A,N/A,N/A,N/A,No,Yes,N/A,55.13 inches,N/A,N/A,N/A,Yes,No,N/A,Yes,N/A,N/A,N/A,No,N/A,N/A,N/A,120 volts,N/A,No,N/A,N/A,N/A,Yes,N/A,N/A,White,N/A,Yes,N/A,Yes,Yes,N/A,1100 revolutions per minute,N/A,Yes,N/A,N/A,N/A,Top load,Yes,N/A,N/A,N/A,N/A,Yes,N/A,Stainless steel,N/A,N/A,N/A,Yes,N/A,N/A,N/A,N/A,N/A,N/A,N/A,No,N/A,1,None,Yes,N/A,N/A,N/A,N/A,N/A,N/A,Yes,N/A,N/A,N/A,Yes,N/A,Yes,N/A,N/A,Yes,N/A,No,N/A,14 United States dollars,Yes,N/A,DLGY1702W,N/A,N/A,N/A,N/A,N/A,5 cubic feet,N/A,5 amperes,12,Yes,Yes,N/A,Yes,Yes,Yes,N/A,N/A,No,N/A,yes,N/A,Yes,Yes,N/A,Yes,N/A,N/A,N/A,N/A,N/A,Yes,Digital,5,113 kilowatt hours,No
N/A,N/A,N/A,N/A,Yes,Yes,N/A,N/A,N/A,N/A,N/A,N/A,N/A,No,No,52 inches,N/A,N/A,Yes,N/A,N/A,N/A,N/A,N/A,Yes,N/A,N/A,N/A,No,N/A,N/A,Red,N/A,Yes,N/A,Yes,N/A,N/A,N/A,N/A,Yes,N/A,Yes,N/A,Front load,Yes,N/A,N/A,N/A,N/A,N/A,N/A,Stainless steel,No,5,N/A,N/A,N/A,N/A,N/A,N/A,N/A,N/A,N/A,N/A,N/A,1,N/A,Yes,N/A,N/A,N/A,N/A,N/A,N/A,N/A,N/A,N/A,N/A,No,N/A,N/A,N/A,N/A,No,N/A,Yes,N/A,17 United States dollars,Yes,N/A,GFWR4805FRR,N/A,N/A,N/A,N/A,N/A,4.8 cubic feet,N/A,N/A,13,N/A,N/A,N/A,Yes,Yes,Yes,N/A,N/A,N/A,N/A,yes,N/A,No,Yes,N/A,N/A,N/A,N/A,N/A,N/A,N/A,N/A,Electronic,5,162 kilowatt hours,N/A
N/A,N/A,N/A,N/A,No,Yes,N/A,54.33 inches,N/A,N/A,N/A,Yes,No,No,Yes,N/A,N/A,N/A,No,Yes,N/A,N/A,120 volts,N/A,No,N/A,N/A,N/A,Yes,N/A,N/A,White,N/A,Yes,N/A,Yes,Yes,N/A,1100 revolutions per minute,N/A,Yes,N/A,Yes,N/A,Top load,Yes,N/A,N/A,N/A,N/A,N/A,N/A,Stainless steel,N/A,N/A,N/A,Yes,N/A,N/A,N/A,N/A,N/A,N/A,N/A,No,N/A,1,None,N/A,N/A,N/A,N/A,N/A,N/A,N/A,N/A,Yes,N/A,N/A,Yes,N/A,Yes,N/A,1,No,N/A,No,N/A,20 United States dollars,Yes,Yes,N/A,N/A,N/A,N/A,N/A,N/A,4.3 cubic feet,N/A,10 amperes,8,Yes,Yes,N/A,No,Yes,Yes,N/A,N/A,No,Yes,yes,N/A,Yes,No,N/A,N/A,N/A,N/A,N/A,N/A,N/A,No,Electronic,5,170 kilowatt hours,N/A
N/A,N/A,N/A,N/A,Yes,Yes,N/A,N/A,N/A,51 inches,N/A,N/A,Yes,N/A,Yes,51 inches,N/A,N/A,Yes,N/A,N/A,N/A,120 volts,N/A,Yes,N/A,N/A,N/A,Yes,N/A,N/A,Silver,N/A,Yes,N/A,Yes,N/A,N/A,1300 revolutions per minute,N/A,Yes,N/A,Yes,N/A,Front load,Yes,N/A,N/A,N/A,N/A,N/A,N/A,Stainless steel,No,5,N/A,Yes,N/A,N/A,N/A,N/A,N/A,N/A,N/A,Yes,N/A,1,N/A,Yes,N/A,N/A,N/A,Yes,"WDP4V, WDP4W",N/A,N/A,N/A,12,N/A,Yes,N/A,N/A,N/A,5,Yes,N/A,No,N/A,12 United States dollars,Yes,Yes,"DLGX3571V, DLGX3571W",N/A,N/A,N/A,N/A,N/A,4.3 cubic feet,N/A,10 amperes,12,Yes,Yes,N/A,Yes,N/A,Yes,N/A,N/A,Yes,Yes,yes,N/A,Yes,Yes,N/A,Yes,Yes,N/A,N/A,N/A,2,N/A,Electronic,5,100 kilowatt hours,N/A
N/A,N/A,N/A,200 watts,Yes,Yes,N/A,N/A,N/A,16 inches,N/A,Yes,Yes,Yes,Yes,22 inches,N/A,N/A,No,Yes,N/A,N/A,110 volts,N/A,No,N/A,N/A,N/A,No,No,N/A,White,N/A,Yes,N/A,N/A,No,N/A,1000 revolutions per minute,N/A,Yes,N/A,Yes,N/A,Front load,Yes,N/A,N/A,N/A,N/A,Yes,N/A,Stainless steel,No,3,N/A,Yes,N/A,N/A,N/A,N/A,N/A,N/A,N/A,No,N/A,1,N/A,Yes,N/A,N/A,N/A,Yes,PDL 2830 W; PDL 2830 S,N/A,No,No,2,No,Yes,N/A,No,N/A,1,No,N/A,Yes,33.5 inches,N/A,Yes,No,ED 850,N/A,N/A,N/A,N/A,N/A,1.6 cubic feet,N/A,N/A,8,Yes,Yes,N/A,No,Yes,No,Yes,N/A,Yes,No,yes,No,Yes,No,N/A,No,Yes,N/A,N/A,N/A,2,Yes,Analog,3,N/A,No
N/A,N/A,N/A,N/A,Yes,Yes,N/A,N/A,N/A,N/A,N/A,N/A,Yes,N/A,N/A,51 inches,N/A,N/A,Yes,N/A,N/A,N/A,N/A,N/A,Yes,N/A,N/A,N/A,No,N/A,N/A,White,N/A,Yes,N/A,Yes,N/A,N/A,N/A,N/A,Yes,N/A,N/A,N/A,Front load,Yes,N/A,N/A,N/A,N/A,N/A,N/A,Stainless steel,No,N/A,N/A,N/A,N/A,N/A,N/A,N/A,N/A,N/A,N/A,Yes,N/A,1,N/A,Yes,N/A,N/A,N/A,Yes,"WDP4W, WDP4V",N/A,N/A,N/A,N/A,N/A,Yes,N/A,N/A,N/A,N/A,Yes,N/A,Yes,N/A,N/A,Yes,N/A,"DLGX4271W, DLGX4271V, DLEX4270W, DLEX4270V",N/A,N/A,N/A,N/A,N/A,4.5 cubic feet,N/A,N/A,N/A,N/A,N/A,N/A,Yes,N/A,Yes,N/A,N/A,N/A,Yes,yes,N/A,Yes,No,N/A,N/A,N/A,N/A,N/A,N/A,N/A,N/A,Electronic,5,N/A,N/A
N/A,N/A,N/A,N/A,No,No,N/A,N/A,N/A,N/A,N/A,N/A,Yes,N/A,N/A,52.75 inches,N/A,N/A,No,N/A,N/A,N/A,N/A,N/A,Yes,N/A,N/A,N/A,No,N/A,N/A,Gray,N/A,Yes,N/A,Yes,N/A,N/A,N/A,N/A,Yes,N/A,N/A,N/A,Front load,Yes,N/A,N/A,N/A,N/A,N/A,N/A,Stainless steel,No,N/A,N/A,N/A,N/A,N/A,N/A,N/A,N/A,N/A,N/A,N/A,N/A,1,N/A,N/A,N/A,N/A,N/A,N/A,N/A,N/A,N/A,N/A,N/A,N/A,No,N/A,N/A,N/A,N/A,No,N/A,No,N/A,N/A,Yes,N/A,N/A,N/A,N/A,N/A,N/A,N/A,4.3 cubic feet,N/A,N/A,10,N/A,N/A,N/A,Yes,N/A,Yes,N/A,N/A,N/A,No,yes,N/A,Yes,Yes,N/A,N/A,N/A,N/A,N/A,N/A,N/A,N/A,Digital,N/A,N/A,N/A
N/A,N/A,N/A,N/A,No,Yes,N/A,N/A,N/A,51.19 inches,N/A,N/A,Yes,No,Yes,51.19 inches,N/A,N/A,Yes,N/A,N/A,N/A,N/A,N/A,Yes,N/A,N/A,N/A,Yes,N/A,N/A,White,N/A,Yes,N/A,Yes,N/A,N/A,1200 revolutions per minute,N/A,Yes,N/A,Yes,N/A,Front load,Yes,N/A,N/A,N/A,N/A,N/A,N/A,Stainless steel,No,4,N/A,N/A,N/A,N/A,N/A,N/A,N/A,N/A,N/A,Yes,N/A,1,N/A,Yes,N/A,N/A,N/A,N/A,N/A,N/A,N/A,N/A,10,N/A,Yes,N/A,Yes,N/A,4,Yes,N/A,No,N/A,10 United States dollars,Yes,Yes,WF42H5200AW,N/A,N/A,N/A,N/A,N/A,4.2 cubic feet,N/A,N/A,9,Yes,Yes,N/A,Yes,No,Yes,Yes,N/A,N/A,Yes,yes,Yes,Yes,Yes,N/A,Yes,N/A,N/A,N/A,N/A,2,N/A,Digital,4,95 kilowatt hours,N/A
N/A,N/A,N/A,N/A,No,Yes,N/A,53 inches,N/A,N/A,N/A,Yes,No,N/A,Yes,N/A,N/A,N/A,No,N/A,N/A,N/A,120 volts,N/A,No,N/A,N/A,N/A,Yes,N/A,N/A,White,N/A,Yes,N/A,Yes,N/A,N/A,800 revolutions per minute,N/A,Yes,N/A,N/A,N/A,Top load,No,N/A,N/A,N/A,N/A,N/A,N/A,Stainless steel,N/A,N/A,N/A,Yes,N/A,N/A,N/A,N/A,N/A,N/A,N/A,No,N/A,1,N/A,N/A,N/A,N/A,N/A,N/A,N/A,N/A,N/A,N/A,N/A,N/A,No,N/A,Yes,N/A,1,No,N/A,No,N/A,14 United States dollars,Yes,N/A,N/A,N/A,N/A,N/A,N/A,N/A,3.8 cubic feet,N/A,15 amperes,11,Yes,N/A,N/A,No,Yes,No,N/A,N/A,N/A,N/A,yes,N/A,N/A,Yes,N/A,N/A,Yes,N/A,N/A,N/A,N/A,No,Analog,5,135 kilowatt hours,N/A
N/A,N/A,N/A,N/A,N/A,Yes,Yes,N/A,N/A,N/A,Electric,N/A,No,N/A,N/A,N/A,N/A,N/A,No,N/A,N/A,"Normal, heavy-duty, permanent press, sanitize, towels, bedding, colors/darks, infant wear, active wear, delicates/hand wash, wool, quick wash, PureCycle, rinse and spin, spin only",N/A,N/A,N/A,N/A,N/A,N/A,Yes,N/A,6,Stainless/Stainless look,No,N/A,N/A,Yes,N/A,N/A,N/A,Yes,N/A,N/A,N/A,N/A,N/A,N/A,N/A,N/A,5.0 D.O.E.,N/A,N/A,N/A,N/A,N/A,N/A,N/A,N/A,Yes,N/A,N/A,Top-load,Yes,No,N/A,N/A,N/A,N/A,No agitator,N/A,N/A,N/A,N/A,N/A,N/A,Stainless-steel,N/A,N/A,N/A,N/A,No,N/A,N/A,Yes,N/A,Yes,15,N/A,N/A,N/A,N/A,N/A,N/A,N/A,N/A,57-1/2,Rear panel,165,N/A,$18 with an electric water heater; $10 with a natural gas water heater,N/A,N/A,N/A,N/A,N/A,Yes,N/A,Yes,N/A,N/A,N/A,N/A,yes,N/A,N/A,Yes,N/A,N/A,N/A,N/A,Yes,N/A,N/A,N/A,Digital,N/A,N/A,N/A
N/A,N/A,N/A,N/A,No,Yes,N/A,54 inches,N/A,N/A,N/A,N/A,No,No,No,N/A,N/A,N/A,No,N/A,N/A,N/A,120 volts,N/A,No,N/A,N/A,N/A,Yes,N/A,N/A,White,N/A,Yes,N/A,Yes,Yes,N/A,1100 revolutions per minute,N/A,Yes,N/A,Yes,N/A,Top load,Yes,N/A,N/A,N/A,N/A,N/A,N/A,Stainless steel,N/A,5,N/A,Yes,N/A,N/A,N/A,N/A,N/A,N/A,N/A,N/A,N/A,1,None,Yes,N/A,N/A,N/A,N/A,N/A,N/A,Yes,N/A,N/A,N/A,No,N/A,Yes,N/A,N/A,Yes,N/A,Yes,N/A,18 United States dollars,Yes,N/A,DV45H7200GW,N/A,N/A,N/A,N/A,N/A,4.5 cubic feet,N/A,15 amperes,11,Yes,Yes,N/A,No,No,Yes,N/A,N/A,N/A,N/A,yes,N/A,Yes,Yes,N/A,Yes,Yes,N/A,N/A,N/A,N/A,Yes,Digital,5,169 kilowatt hours,N/A
N/A,N/A,N/A,N/A,N/A,Yes,Yes,N/A,N/A,N/A,Electric,N/A,No,N/A,N/A,N/A,N/A,N/A,No,N/A,N/A,"Cotton/normal, bulky/bedding, PureColor, speed wash, heavy-duty, BrightWhites, delicates, tub clean",N/A,N/A,N/A,N/A,N/A,N/A,Yes,N/A,N/A,White,No,N/A,N/A,Yes,N/A,N/A,N/A,Yes,N/A,N/A,N/A,N/A,N/A,N/A,N/A,N/A,4.5 D.O.E.,N/A,N/A,N/A,N/A,N/A,N/A,N/A,N/A,No,N/A,N/A,Top-load,Yes,No,N/A,N/A,No,N/A,N/A,N/A,N/A,N/A,N/A,N/A,N/A,Stainless-steel,N/A,N/A,N/A,N/A,Yes,N/A,N/A,Yes,N/A,No,8,N/A,N/A,N/A,N/A,N/A,N/A,N/A,N/A,54-1/3,Front panel,225,N/A,$24 with an electric water heater; $16 with a natural gas water heater,N/A,N/A,N/A,N/A,N/A,No,N/A,Yes,N/A,N/A,N/A,N/A,yes,N/A,N/A,N/A,N/A,N/A,N/A,N/A,Yes,N/A,N/A,N/A,Electronic,N/A,N/A,N/A
N/A,N/A,N/A,N/A,No,No,N/A,57 inches,N/A,N/A,N/A,N/A,No,N/A,No,N/A,N/A,N/A,Yes,N/A,N/A,N/A,N/A,N/A,Yes,N/A,N/A,N/A,Yes,N/A,N/A,Gray,N/A,Yes,N/A,Yes,N/A,N/A,N/A,N/A,Yes,N/A,N/A,N/A,Top load,Yes,N/A,N/A,N/A,N/A,N/A,N/A,Stainless steel,N/A,N/A,N/A,N/A,N/A,N/A,N/A,N/A,N/A,N/A,N/A,N/A,N/A,1,None,N/A,N/A,N/A,N/A,N/A,N/A,N/A,N/A,N/A,N/A,N/A,Yes,N/A,N/A,N/A,N/A,Yes,N/A,Yes,N/A,24 United States dollars,Yes,N/A,N/A,N/A,N/A,N/A,N/A,N/A,5.3 cubic feet,N/A,N/A,N/A,N/A,N/A,N/A,Yes,N/A,Yes,N/A,N/A,N/A,No,yes,N/A,Yes,Yes,N/A,N/A,N/A,N/A,N/A,N/A,N/A,N/A,Digital,N/A,196 kilowatt hours,N/A
N/A,N/A,N/A,N/A,Yes,Yes,N/A,N/A,N/A,57 inches,N/A,N/A,Yes,No,Yes,57 inches,N/A,N/A,Yes,Yes,N/A,N/A,120 volts,N/A,Yes,N/A,N/A,N/A,Yes,N/A,N/A,White,N/A,Yes,N/A,Yes,N/A,N/A,1300 revolutions per minute,N/A,Yes,N/A,Yes,N/A,Front load,Yes,N/A,N/A,N/A,N/A,N/A,N/A,Stainless steel,No,5,N/A,Yes,N/A,N/A,N/A,N/A,N/A,N/A,N/A,Yes,N/A,1,N/A,Yes,N/A,N/A,N/A,Yes,"WDP5W, WDP5V",N/A,N/A,N/A,14,N/A,Yes,N/A,Yes,N/A,5,Yes,N/A,Yes,N/A,14 United States dollars,Yes,Yes,WM8000HWA,N/A,N/A,N/A,N/A,N/A,5.2 cubic feet,N/A,10 amperes,14,Yes,Yes,N/A,Yes,N/A,Yes,N/A,N/A,Yes,Yes,yes,Yes,Yes,Yes,N/A,N/A,Yes,N/A,N/A,N/A,2,Yes,Electronic,5,120 kilowatt hours,N/A
N/A,N/A,N/A,N/A,Yes,Yes,N/A,46.75 inches,N/A,N/A,N/A,N/A,No,N/A,N/A,N/A,N/A,N/A,No,N/A,N/A,N/A,N/A,N/A,No,N/A,N/A,N/A,No,N/A,N/A,White,N/A,N/A,N/A,Yes,N/A,N/A,N/A,N/A,Yes,N/A,N/A,N/A,N/A,No,N/A,N/A,N/A,N/A,N/A,N/A,Stainless steel,N/A,N/A,N/A,N/A,N/A,N/A,N/A,N/A,N/A,N/A,N/A,Yes,N/A,N/A,None,N/A,N/A,N/A,N/A,N/A,N/A,N/A,N/A,N/A,N/A,N/A,Yes,N/A,N/A,N/A,N/A,No,N/A,Yes,N/A,12 United States dollars,Yes,N/A,N/A,N/A,N/A,N/A,N/A,N/A,0.9 cubic feet,N/A,N/A,9,N/A,N/A,N/A,Yes,N/A,Yes,N/A,N/A,N/A,N/A,yes,N/A,Yes,Yes,N/A,N/A,N/A,N/A,N/A,N/A,N/A,N/A,Digital,N/A,116 kilowatt hours,N/A
N/A,N/A,N/A,N/A,N/A,N/A,N/A,N/A,N/A,N/A,N/A,N/A,N/A,N/A,N/A,N/A,N/A,N/A,N/A,N/A,N/A,N/A,N/A,N/A,N/A,N/A,N/A,N/A,No,N/A,N/A,White,N/A,N/A,N/A,N/A,N/A,N/A,700 revolutions per minute,N/A,Yes,N/A,Yes,N/A,Top load,N/A,N/A,N/A,N/A,N/A,N/A,N/A,Stainless steel,N/A,4,N/A,N/A,N/A,N/A,N/A,N/A,N/A,N/A,N/A,N/A,N/A,1,N/A,Yes,N/A,N/A,N/A,N/A,N/A,N/A,N/A,N/A,N/A,N/A,N/A,N/A,N/A,N/A,N/A,No,N/A,Yes,N/A,N/A,Yes,N/A,"DV40J3000EW (electric), DV40J3000GW (gas)",N/A,N/A,N/A,N/A,N/A,4 cubic feet,N/A,N/A,8,N/A,Yes,N/A,N/A,N/A,N/A,N/A,N/A,N/A,N/A,yes,N/A,Yes,No,N/A,N/A,N/A,N/A,N/A,N/A,1,N/A,Digital,4,N/A,N/A
N/A,N/A,N/A,N/A,Yes,Yes,N/A,N/A,N/A,51.19 inches,N/A,N/A,Yes,No,Yes,51.19 inches,N/A,N/A,Yes,N/A,N/A,N/A,N/A,N/A,Yes,N/A,N/A,N/A,Yes,N/A,N/A,Silver,N/A,Yes,N/A,Yes,N/A,N/A,1300 revolutions per minute,N/A,Yes,N/A,Yes,N/A,Front load,Yes,N/A,N/A,N/A,N/A,N/A,N/A,Stainless steel,No,5,N/A,N/A,N/A,N/A,N/A,N/A,N/A,N/A,N/A,Yes,N/A,1,N/A,Yes,N/A,N/A,N/A,N/A,N/A,N/A,N/A,N/A,13,N/A,No,N/A,Yes,N/A,5,Yes,N/A,No,N/A,10 United States dollars,Yes,Yes,WF45H6300AG,N/A,N/A,N/A,N/A,N/A,4.5 cubic feet,N/A,N/A,13,Yes,Yes,N/A,Yes,No,Yes,Yes,N/A,Yes,Yes,yes,Yes,Yes,Yes,N/A,Yes,N/A,N/A,N/A,N/A,2,Yes,Digital,5,90 kilowatt hours,N/A
N/A,N/A,N/A,N/A,Yes,Yes,N/A,N/A,N/A,57 inches,N/A,N/A,Yes,No,Yes,57 inches,N/A,N/A,Yes,N/A,N/A,N/A,120 volts,N/A,Yes,N/A,N/A,N/A,Yes,N/A,N/A,Silver,N/A,Yes,N/A,Yes,N/A,N/A,1300 revolutions per minute,N/A,Yes,N/A,Yes,N/A,Front load,Yes,N/A,N/A,N/A,N/A,N/A,N/A,Stainless steel,No,5,N/A,Yes,N/A,N/A,N/A,N/A,N/A,N/A,N/A,Yes,N/A,1,N/A,N/A,N/A,N/A,N/A,Yes,"WDP5W, WDP5V",N/A,N/A,N/A,14,N/A,Yes,N/A,Yes,N/A,5,Yes,N/A,Yes,N/A,14 United States dollars,Yes,Yes,N/A,N/A,N/A,N/A,N/A,N/A,5.2 cubic feet,N/A,10 amperes,14,Yes,Yes,N/A,Yes,N/A,Yes,N/A,N/A,Yes,Yes,yes,Yes,Yes,Yes,N/A,N/A,Yes,N/A,N/A,N/A,2,N/A,Electronic,5,120 kilowatt hours,N/A
N/A,N/A,N/A,N/A,No,Yes,N/A,55 inches,N/A,N/A,N/A,N/A,No,No,Yes,N/A,N/A,N/A,Yes,N/A,N/A,N/A,N/A,N/A,Yes,N/A,N/A,N/A,Yes,N/A,N/A,White,N/A,Yes,N/A,Yes,N/A,N/A,N/A,N/A,Yes,N/A,Yes,N/A,Top load,Yes,N/A,N/A,N/A,N/A,N/A,N/A,Stainless steel,N/A,6,N/A,N/A,N/A,N/A,N/A,N/A,N/A,N/A,N/A,Yes,N/A,1,None,Yes,N/A,N/A,N/A,N/A,N/A,N/A,N/A,N/A,N/A,N/A,Yes,N/A,N/A,N/A,N/A,Yes,N/A,Yes,N/A,18 United States dollars,Yes,N/A,DV56H9000GW,N/A,N/A,N/A,N/A,N/A,5.6 cubic feet,N/A,N/A,15,N/A,N/A,N/A,Yes,No,Yes,N/A,N/A,N/A,N/A,yes,N/A,Yes,Yes,N/A,N/A,N/A,N/A,N/A,N/A,N/A,N/A,Digital,6,165 kilowatt hours,N/A
N/A,N/A,N/A,N/A,Yes,Yes,N/A,N/A,N/A,52 inches,N/A,N/A,Yes,No,No,52 inches,N/A,N/A,Yes,Yes,N/A,N/A,120 volts,N/A,Yes,N/A,N/A,N/A,No,N/A,N/A,Gray,N/A,Yes,N/A,Yes,N/A,N/A,1250 revolutions per minute,N/A,Yes,N/A,Yes,N/A,Front load,Yes,N/A,N/A,N/A,N/A,N/A,N/A,Stainless steel,No,5,N/A,Yes,N/A,N/A,N/A,N/A,N/A,N/A,N/A,Yes,N/A,1,N/A,Yes,N/A,N/A,N/A,Yes,N/A,N/A,N/A,N/A,9,N/A,No,N/A,Yes,N/A,5,No,N/A,Yes,N/A,N/A,Yes,Yes,GFWR4805FMC,N/A,N/A,N/A,N/A,N/A,4.8 cubic feet,N/A,15 amperes,13,Yes,Yes,N/A,Yes,Yes,Yes,N/A,N/A,Yes,N/A,yes,Yes,No,Yes,N/A,N/A,N/A,N/A,N/A,N/A,5,N/A,Electronic,5,N/A,Yes
N/A,N/A,N/A,N/A,No,Yes,N/A,N/A,N/A,N/A,N/A,N/A,Yes,N/A,N/A,52.75 inches,N/A,N/A,Yes,N/A,N/A,N/A,N/A,N/A,Yes,N/A,N/A,N/A,No,N/A,N/A,Black,N/A,Yes,N/A,Yes,N/A,N/A,N/A,N/A,Yes,N/A,N/A,N/A,Front load,Yes,N/A,N/A,N/A,N/A,N/A,N/A,Stainless steel,No,N/A,N/A,N/A,N/A,N/A,N/A,N/A,N/A,N/A,N/A,N/A,N/A,1,N/A,N/A,N/A,N/A,N/A,N/A,N/A,N/A,N/A,N/A,N/A,N/A,No,N/A,N/A,N/A,N/A,No,N/A,No,N/A,N/A,Yes,N/A,N/A,N/A,N/A,N/A,N/A,N/A,4.5 cubic feet,N/A,N/A,12,N/A,N/A,N/A,Yes,N/A,Yes,N/A,N/A,N/A,No,yes,N/A,Yes,Yes,N/A,N/A,N/A,N/A,N/A,N/A,N/A,N/A,Digital,N/A,N/A,N/A
N/A,N/A,N/A,N/A,No,Yes,N/A,N/A,N/A,45 inches,N/A,N/A,Yes,Yes,Yes,45 inches,N/A,N/A,No,Yes,N/A,N/A,120 volts,N/A,No,N/A,N/A,N/A,No,N/A,N/A,White,N/A,Yes,N/A,Yes,N/A,N/A,1400 revolutions per minute,N/A,Yes,N/A,Yes,N/A,Front load,Yes,N/A,N/A,N/A,N/A,N/A,N/A,Stainless steel,No,5,N/A,Yes,N/A,N/A,N/A,N/A,N/A,N/A,N/A,Yes,N/A,1,N/A,N/A,N/A,N/A,N/A,N/A,N/A,N/A,N/A,N/A,4,N/A,Yes,N/A,Yes,N/A,5,Yes,N/A,Yes,N/A,N/A,Yes,Yes,N/A,N/A,N/A,N/A,N/A,N/A,2.3 cubic feet,N/A,10 amperes,9,Yes,Yes,N/A,Yes,N/A,Yes,N/A,N/A,Yes,Yes,yes,Yes,Yes,Yes,N/A,N/A,N/A,N/A,N/A,N/A,2,Yes,Digital,5,N/A,N/A
N/A,N/A,N/A,2300 watts,Yes,No,N/A,N/A,N/A,42.5 inches,N/A,N/A,Yes,Yes,Yes,42.5 inches,N/A,N/A,No,Yes,N/A,N/A,240 volts,N/A,No,N/A,N/A,N/A,No,N/A,N/A,White,N/A,Yes,N/A,Yes,N/A,N/A,1200 revolutions per minute,N/A,Yes,N/A,Yes,N/A,Front load,Yes,N/A,N/A,N/A,N/A,N/A,N/A,Stainless steel,No,N/A,N/A,Yes,N/A,N/A,N/A,N/A,N/A,N/A,N/A,Yes,N/A,1,N/A,N/A,N/A,N/A,N/A,N/A,N/A,N/A,N/A,N/A,4,N/A,Yes,N/A,Yes,N/A,N/A,Yes,N/A,Yes,33.25 inches,N/A,Yes,Yes,N/A,N/A,N/A,N/A,N/A,N/A,2.2 cubic feet,N/A,N/A,15,Yes,Yes,N/A,Yes,Yes,Yes,N/A,N/A,Yes,Yes,yes,N/A,Yes,Yes,N/A,N/A,Yes,N/A,N/A,N/A,2,Yes,Digital,4,N/A,Yes
N/A,N/A,N/A,N/A,Yes,Yes,N/A,N/A,N/A,N/A,N/A,N/A,Yes,N/A,N/A,51 inches,N/A,N/A,Yes,N/A,N/A,N/A,N/A,N/A,Yes,N/A,N/A,N/A,No,N/A,N/A,Silver,N/A,Yes,N/A,Yes,N/A,N/A,N/A,N/A,Yes,N/A,N/A,N/A,Front load,Yes,N/A,N/A,N/A,N/A,N/A,N/A,Stainless steel,No,N/A,N/A,N/A,N/A,N/A,N/A,N/A,N/A,N/A,N/A,Yes,N/A,1,N/A,Yes,N/A,N/A,N/A,Yes,"WDP4W, WDP4V",N/A,N/A,N/A,N/A,N/A,Yes,N/A,N/A,N/A,N/A,Yes,N/A,Yes,N/A,N/A,Yes,N/A,"DLGX4271W, DLGX4271V, DLEX4270W, DLEX4270V",N/A,N/A,N/A,N/A,N/A,4.5 cubic feet,N/A,N/A,N/A,N/A,N/A,N/A,Yes,N/A,Yes,N/A,N/A,N/A,Yes,yes,N/A,Yes,No,N/A,N/A,N/A,N/A,N/A,N/A,N/A,N/A,Electronic,5,N/A,N/A
N/A,N/A,N/A,N/A,Yes,Yes,N/A,55.13 inches,N/A,N/A,N/A,N/A,No,N/A,N/A,N/A,N/A,N/A,Yes,N/A,N/A,N/A,N/A,N/A,Yes,N/A,N/A,N/A,Yes,N/A,N/A,Silver,N/A,No,N/A,Yes,N/A,N/A,N/A,N/A,Yes,N/A,Yes,N/A,Top load,Yes,N/A,N/A,N/A,N/A,N/A,N/A,Stainless steel,N/A,N/A,N/A,N/A,N/A,N/A,N/A,N/A,N/A,N/A,N/A,Yes,N/A,1,None,N/A,N/A,N/A,N/A,N/A,N/A,N/A,N/A,N/A,N/A,N/A,No,N/A,N/A,N/A,N/A,Yes,N/A,No,N/A,16 United States dollars,Yes,N/A,N/A,N/A,N/A,N/A,N/A,N/A,5.0 cubic feet,N/A,N/A,12,N/A,N/A,N/A,Yes,N/A,Yes,N/A,N/A,N/A,Yes,yes,N/A,Yes,Yes,N/A,N/A,N/A,N/A,N/A,N/A,N/A,N/A,Electronic,N/A,135 kilowatt hours,N/A
N/A,N/A,N/A,N/A,No,Yes,N/A,N/A,N/A,43.75 inches,N/A,N/A,No,No,No,42 inches,N/A,N/A,Yes,Yes,N/A,N/A,120 volts,N/A,No,N/A,N/A,N/A,Yes,N/A,N/A,White,N/A,Yes,N/A,Yes,N/A,N/A,1400 revolutions per minute,N/A,Yes,N/A,Yes,N/A,Front load,Yes,N/A,N/A,N/A,N/A,N/A,N/A,Stainless steel,No,5,N/A,Yes,N/A,N/A,N/A,N/A,N/A,N/A,N/A,Yes,N/A,1,N/A,Yes,N/A,N/A,N/A,N/A,N/A,N/A,N/A,N/A,5,N/A,Yes,N/A,Yes,N/A,5,No,N/A,Yes,N/A,13 United States dollars,Yes,Yes,WCVH4800KWW,N/A,N/A,N/A,N/A,N/A,2.2 cubic feet,N/A,15 amperes,10,Yes,Yes,N/A,Yes,Yes,No,N/A,N/A,No,Yes,yes,Yes,No,Yes,N/A,N/A,N/A,N/A,N/A,N/A,2,N/A,Electronic,5,122 kilowatt hours,N/A
N/A,N/A,N/A,N/A,No,Yes,N/A,57.5 inches,N/A,N/A,N/A,N/A,No,No,No,N/A,N/A,N/A,No,N/A,N/A,N/A,N/A,N/A,No,N/A,N/A,N/A,Yes,N/A,N/A,White,N/A,Yes,N/A,Yes,N/A,N/A,1100 revolutions per minute,N/A,Yes,N/A,Yes,N/A,Top load,Yes,N/A,N/A,N/A,N/A,N/A,N/A,Stainless steel,N/A,5,N/A,Yes,N/A,N/A,N/A,N/A,N/A,N/A,N/A,Yes,N/A,1,None,N/A,N/A,N/A,N/A,N/A,N/A,N/A,N/A,N/A,N/A,N/A,No,N/A,Yes,N/A,N/A,Yes,N/A,Yes,N/A,18 United States dollars,Yes,N/A,N/A,N/A,N/A,N/A,N/A,N/A,4.5 cubic feet,N/A,N/A,11,N/A,Yes,N/A,No,No,Yes,N/A,N/A,No,N/A,yes,N/A,Yes,Yes,N/A,Yes,N/A,N/A,N/A,N/A,N/A,N/A,Electronic,5,169 kilowatt hours,N/A
N/A,N/A,N/A,N/A,No,No,N/A,40.63 inches,N/A,N/A,N/A,N/A,No,N/A,N/A,N/A,N/A,N/A,No,N/A,N/A,N/A,120 volts,N/A,No,N/A,N/A,N/A,No,N/A,N/A,White,N/A,No,N/A,No,Yes,N/A,800 revolutions per minute,N/A,Yes,N/A,N/A,N/A,Top load,No,N/A,N/A,N/A,N/A,N/A,N/A,Stainless steel,N/A,N/A,N/A,N/A,N/A,N/A,N/A,N/A,N/A,N/A,N/A,No,N/A,1,Single-action,N/A,N/A,N/A,N/A,N/A,N/A,N/A,N/A,N/A,N/A,N/A,No,N/A,No,N/A,N/A,No,N/A,No,N/A,N/A,Yes,N/A,N/A,N/A,N/A,N/A,N/A,N/A,1.7 cubic feet,N/A,2.58 amperes,4,N/A,Yes,N/A,No,N/A,No,N/A,N/A,N/A,N/A,yes,N/A,N/A,No,N/A,N/A,N/A,N/A,N/A,N/A,1,N/A,Electronic,2,N/A,N/A
N/A,N/A,N/A,N/A,Yes,Yes,N/A,N/A,N/A,54.25 inches,N/A,N/A,No,No,No,54.25 inches,N/A,N/A,Yes,Yes,N/A,N/A,120 volts,N/A,Yes,N/A,N/A,N/A,Yes,N/A,N/A,White,N/A,Yes,N/A,Yes,N/A,N/A,1250 revolutions per minute,N/A,Yes,N/A,Yes,N/A,Front load,Yes,N/A,N/A,N/A,N/A,N/A,N/A,Stainless steel,No,5,N/A,Yes,N/A,N/A,N/A,N/A,N/A,N/A,N/A,Yes,N/A,1,N/A,Yes,N/A,N/A,N/A,Yes,N/A,N/A,N/A,N/A,9,N/A,Yes,N/A,Yes,N/A,5,No,N/A,Yes,N/A,17 United States dollars,Yes,Yes,GFWR2700HWW,N/A,N/A,N/A,N/A,N/A,4.5 cubic feet,N/A,15 amperes,12,Yes,Yes,N/A,Yes,Yes,Yes,N/A,N/A,Yes,N/A,yes,Yes,No,Yes,N/A,N/A,N/A,N/A,N/A,N/A,5,N/A,Electronic,5,159 kilowatt hours,Yes
N/A,N/A,N/A,N/A,Yes,Yes,N/A,N/A,N/A,58.25 inches,N/A,N/A,Yes,No,Yes,58.25 inches,N/A,N/A,Yes,N/A,N/A,N/A,N/A,N/A,Yes,N/A,N/A,N/A,Yes,N/A,N/A,White,N/A,Yes,N/A,Yes,N/A,N/A,1300 revolutions per minute,N/A,Yes,N/A,Yes,N/A,Front load,Yes,N/A,N/A,N/A,N/A,N/A,N/A,Stainless steel,No,5,N/A,N/A,N/A,N/A,N/A,N/A,N/A,N/A,N/A,Yes,N/A,1,N/A,Yes,N/A,N/A,N/A,N/A,N/A,N/A,N/A,N/A,13,N/A,Yes,N/A,Yes,N/A,5,Yes,N/A,No,N/A,11 United States dollars,Yes,Yes,WF56H9100AW,N/A,N/A,N/A,N/A,N/A,4.5 cubic feet,N/A,N/A,15,Yes,Yes,N/A,Yes,No,Yes,Yes,N/A,Yes,Yes,yes,Yes,Yes,Yes,N/A,Yes,N/A,N/A,N/A,N/A,2,Yes,Digital,5,100 kilowatt hours,N/A
N/A,N/A,N/A,N/A,N/A,Yes,No,N/A,N/A,N/A,Electric,N/A,No,N/A,N/A,N/A,N/A,N/A,N/A,N/A,N/A,"Permanent press, quick wash, heavy, medium, light, extra light, soil rinse, rinse and spin, drain and spin",N/A,N/A,N/A,N/A,N/A,N/A,No,N/A,N/A,White,No,N/A,N/A,Yes,N/A,N/A,N/A,No,N/A,N/A,N/A,N/A,N/A,N/A,N/A,N/A,3.9 D.O.E.,N/A,N/A,N/A,N/A,N/A,N/A,N/A,N/A,No,N/A,N/A,Top-load,Yes,N/A,N/A,N/A,N/A,N/A,Double-action,N/A,N/A,N/A,N/A,N/A,N/A,Stainless-steel,N/A,N/A,N/A,N/A,No,N/A,N/A,N/A,N/A,Yes,13,N/A,N/A,N/A,N/A,N/A,N/A,N/A,N/A,51,N/A,492,N/A,$52 with an electric water heater; $29 with a natural gas water heater,N/A,N/A,N/A,N/A,N/A,N/A,N/A,No,N/A,N/A,N/A,N/A,yes,N/A,N/A,No,N/A,N/A,N/A,N/A,No,N/A,N/A,N/A,Analog,N/A,N/A,N/A
N/A,N/A,N/A,N/A,No,Yes,N/A,55.75 inches,N/A,N/A,N/A,Yes,No,N/A,N/A,N/A,N/A,N/A,Yes,N/A,N/A,N/A,120 volts,N/A,Yes,N/A,N/A,N/A,Yes,N/A,N/A,Gray,N/A,Yes,N/A,Yes,Yes,N/A,1100 revolutions per minute,N/A,Yes,N/A,N/A,N/A,Top load,Yes,N/A,N/A,N/A,N/A,Yes,N/A,Stainless steel,N/A,N/A,N/A,Yes,N/A,N/A,N/A,N/A,N/A,N/A,N/A,Yes,N/A,1,None,Yes,N/A,N/A,N/A,N/A,N/A,N/A,N/A,N/A,N/A,N/A,Yes,N/A,Yes,N/A,N/A,Yes,N/A,No,N/A,16 United States dollars,Yes,N/A,DLGX5681V,N/A,N/A,N/A,N/A,N/A,5.2 cubic feet,N/A,10 amperes,14,Yes,Yes,N/A,Yes,Yes,Yes,N/A,N/A,No,N/A,yes,N/A,Yes,Yes,N/A,Yes,N/A,N/A,N/A,N/A,N/A,Yes,Digital,5,135 kilowatt hours,N/A
N/A,N/A,N/A,N/A,No,Yes,N/A,55 inches,N/A,N/A,N/A,No,No,No,Yes,N/A,N/A,No,No,Yes,N/A,N/A,120 volts,N/A,Yes,N/A,N/A,N/A,Yes,No,N/A,White,N/A,Yes,N/A,No,Yes,N/A,850 revolutions per minute,N/A,Yes,N/A,No,N/A,Top load,Yes,N/A,N/A,N/A,N/A,No,N/A,Stainless steel,N/A,5,N/A,Yes,N/A,N/A,N/A,N/A,N/A,N/A,N/A,No,N/A,1,Other,Yes,N/A,N/A,N/A,No,N/A,N/A,No,No,3,No,No,N/A,No,N/A,1,No,N/A,No,37.25 inches,27 United States dollars,Yes,Yes,"WED7000DW, WGD7000DW",N/A,N/A,N/A,N/A,N/A,4.8 cubic feet,N/A,20 amperes,N/A,No,No,N/A,No,Yes,Yes,No,"Drain hose with clamp, U-form, cable tie, power cord",Yes,No,yes,No,Yes,No,N/A,No,Yes,N/A,N/A,N/A,N/A,No,Electronic,5,169 kilowatt hours,No
N/A,N/A,N/A,N/A,Yes,Yes,N/A,N/A,N/A,54.13 inches,N/A,N/A,Yes,No,No,54.13 inches,N/A,N/A,Yes,Yes,N/A,N/A,120 volts,N/A,Yes,N/A,N/A,N/A,Yes,N/A,N/A,White,N/A,Yes,N/A,Yes,N/A,N/A,1250 revolutions per minute,N/A,Yes,N/A,Yes,N/A,Front load,Yes,N/A,N/A,N/A,N/A,N/A,N/A,Stainless steel,No,5,N/A,Yes,N/A,N/A,N/A,N/A,N/A,N/A,N/A,Yes,N/A,1,N/A,Yes,N/A,N/A,N/A,Yes,GFXP1308F,N/A,N/A,N/A,9,N/A,Yes,N/A,N/A,N/A,5,No,N/A,Yes,N/A,16 United States dollars,Yes,Yes,GFWS2600FWW,N/A,N/A,N/A,N/A,N/A,4.5 cubic feet,N/A,15 amperes,12,Yes,N/A,N/A,Yes,Yes,Yes,N/A,N/A,Yes,N/A,yes,Yes,No,Yes,N/A,N/A,N/A,N/A,N/A,N/A,5,N/A,Electronic,5,153 kilowatt hours,Yes
N/A,N/A,N/A,N/A,No,Yes,N/A,60 inches,N/A,N/A,N/A,N/A,No,No,No,N/A,N/A,N/A,No,N/A,N/A,N/A,N/A,N/A,Yes,N/A,N/A,N/A,No,N/A,N/A,Gray,N/A,Yes,N/A,Yes,N/A,N/A,1000 revolutions per minute,N/A,Yes,N/A,Yes,N/A,Top load,Yes,N/A,N/A,N/A,N/A,N/A,N/A,Stainless steel,N/A,6,N/A,Yes,N/A,N/A,N/A,N/A,N/A,N/A,N/A,Yes,N/A,1,None,Yes,N/A,N/A,N/A,N/A,N/A,N/A,N/A,Yes,N/A,N/A,No,N/A,Yes,N/A,N/A,No,N/A,No,N/A,N/A,Yes,N/A,GTWS7355HMC,N/A,N/A,N/A,N/A,N/A,5.0 cubic feet,N/A,N/A,13,N/A,No,N/A,Yes,No,Yes,N/A,N/A,No,N/A,yes,N/A,Yes,Yes,N/A,N/A,N/A,N/A,N/A,N/A,N/A,N/A,Electronic,6,N/A,N/A
N/A,N/A,N/A,N/A,No,Yes,N/A,57.5 inches,N/A,N/A,N/A,Yes,No,No,Yes,N/A,N/A,N/A,No,Yes,N/A,N/A,120 volts,N/A,No,N/A,N/A,N/A,Yes,N/A,N/A,White,N/A,Yes,N/A,Yes,Yes,N/A,1100 revolutions per minute,N/A,Yes,N/A,Yes,N/A,Top load,Yes,N/A,N/A,N/A,N/A,N/A,N/A,Stainless steel,N/A,5,N/A,Yes,N/A,N/A,N/A,N/A,N/A,N/A,N/A,Yes,N/A,1,None,Yes,N/A,N/A,N/A,N/A,N/A,N/A,Yes,Yes,N/A,Yes,No,N/A,Yes,N/A,1,Yes,N/A,Yes,N/A,18 United States dollars,Yes,Yes,WA50F9A8DSW,N/A,N/A,N/A,N/A,N/A,5 cubic feet,N/A,12 amperes,15,Yes,Yes,N/A,Yes,No,Yes,N/A,N/A,No,N/A,yes,Yes,Yes,Yes,N/A,Yes,Yes,N/A,N/A,N/A,N/A,Yes,Digital,6,165 kilowatt hours,N/A
N/A,N/A,N/A,N/A,N/A,Yes,N/A,N/A,N/A,N/A,N/A,N/A,N/A,N/A,N/A,N/A,N/A,N/A,N/A,N/A,N/A,N/A,N/A,N/A,N/A,N/A,N/A,N/A,No,N/A,N/A,White,N/A,N/A,N/A,N/A,N/A,N/A,1100 revolutions per minute,N/A,Yes,N/A,Yes,N/A,Top load,N/A,N/A,N/A,N/A,N/A,N/A,N/A,Stainless steel,N/A,5,N/A,N/A,N/A,N/A,N/A,N/A,N/A,N/A,N/A,N/A,N/A,1,N/A,Yes,N/A,N/A,N/A,N/A,N/A,N/A,N/A,Yes,N/A,N/A,N/A,N/A,Yes,N/A,N/A,Yes,N/A,Yes,N/A,N/A,Yes,N/A,"DV52J8060EW (electric), DV52J8060GW (gas)",N/A,N/A,N/A,N/A,N/A,5.2 cubic feet,N/A,N/A,13,N/A,Yes,N/A,N/A,N/A,Yes,N/A,N/A,N/A,N/A,yes,N/A,Yes,No,N/A,N/A,N/A,N/A,N/A,N/A,N/A,N/A,Digital,5,N/A,N/A
N/A,N/A,N/A,N/A,Yes,Yes,N/A,N/A,N/A,N/A,N/A,N/A,Yes,N/A,No,51 inches,N/A,N/A,Yes,N/A,N/A,N/A,N/A,N/A,Yes,N/A,N/A,N/A,No,N/A,N/A,White,N/A,Yes,N/A,Yes,N/A,N/A,N/A,N/A,Yes,N/A,Yes,N/A,Front load,Yes,N/A,N/A,N/A,N/A,N/A,N/A,Stainless steel,No,N/A,N/A,N/A,N/A,N/A,N/A,N/A,N/A,N/A,N/A,Yes,N/A,1,N/A,N/A,N/A,N/A,N/A,N/A,N/A,N/A,N/A,N/A,N/A,N/A,Yes,N/A,N/A,N/A,N/A,Yes,N/A,No,N/A,10 United States dollars,Yes,N/A,N/A,N/A,N/A,N/A,N/A,N/A,4.3 cubic feet,N/A,N/A,9,N/A,N/A,N/A,Yes,N/A,Yes,N/A,N/A,N/A,Yes,yes,N/A,N/A,No,N/A,N/A,N/A,N/A,N/A,N/A,N/A,N/A,Electronic,5,100 kilowatt hours,N/A
N/A,N/A,N/A,N/A,Yes,Yes,N/A,N/A,N/A,N/A,N/A,N/A,N/A,No,No,52 inches,N/A,N/A,Yes,N/A,N/A,N/A,N/A,N/A,Yes,N/A,N/A,N/A,No,N/A,N/A,White,N/A,Yes,N/A,Yes,N/A,N/A,N/A,N/A,Yes,N/A,Yes,N/A,Front load,Yes,N/A,N/A,N/A,N/A,N/A,N/A,Stainless steel,No,5,N/A,N/A,N/A,N/A,N/A,N/A,N/A,N/A,N/A,N/A,N/A,1,N/A,Yes,N/A,N/A,N/A,N/A,N/A,N/A,N/A,N/A,N/A,N/A,No,N/A,N/A,N/A,N/A,No,N/A,Yes,N/A,17 United States dollars,Yes,N/A,GFWR4800FWW,N/A,N/A,N/A,N/A,N/A,4.8 cubic feet,N/A,N/A,13,N/A,N/A,N/A,Yes,Yes,Yes,N/A,N/A,N/A,N/A,yes,N/A,No,Yes,N/A,N/A,N/A,N/A,N/A,N/A,N/A,N/A,Electronic,5,162 kilowatt hours,N/A
N/A,N/A,N/A,N/A,Yes,Yes,N/A,N/A,N/A,N/A,N/A,N/A,Yes,No,Yes,51 inches,N/A,N/A,Yes,N/A,N/A,N/A,120 volts,N/A,Yes,N/A,N/A,N/A,Yes,N/A,N/A,Red,N/A,Yes,N/A,Yes,N/A,N/A,1300 revolutions per minute,N/A,Yes,N/A,No,N/A,Front load,Yes,N/A,N/A,N/A,N/A,N/A,N/A,Stainless steel,N/A,5,N/A,Yes,N/A,N/A,N/A,N/A,N/A,N/A,N/A,Yes,N/A,1,N/A,Yes,N/A,N/A,N/A,Yes,WDP4R,N/A,N/A,N/A,N/A,N/A,Yes,N/A,N/A,N/A,1,Yes,N/A,No,N/A,12 United States dollars,Yes,N/A,N/A,N/A,N/A,N/A,N/A,N/A,4.3 cubic feet,N/A,10 amperes,9,Yes,Yes,N/A,Yes,Yes,Yes,N/A,N/A,Yes,Yes,yes,N/A,Yes,Yes,N/A,N/A,N/A,N/A,N/A,N/A,N/A,N/A,Electronic,5,100 kilowatt hours,N/A
